Customer_ID,Name,State,Plan,Contract_Type,Payment_Method,Device_Type,Tenure_Months,Monthly_Charge_NGN,Total_Charges_NGN,Num_Support_Calls,Data_Usage_GB,Network_Complaints,Late_Payments,Churned
NTL-1001,Ngozi Okeke,Oyo,Basic,Month-to-Month,Manual Transfer,Smartphone,44,3481.34,142732.92,2,2.07,0,0,1
NTL-1002,Chidi Danjuma,Rivers,Premium,12-Month,Card,Feature Phone,29,12124.86,341569.7,0,40.39,1,0,0
NTL-1003,Biodun Adebayo,Abuja,Basic,6-Month,Auto-Debit,Tablet,55,2687.91,131525.61,0,23.24,0,3,0
NTL-1004,Hauwa Ibrahim,Kaduna,Premium,Month-to-Month,Auto-Debit,Smartphone,43,9595.29,368617.96,0,12.02,0,0,0
NTL-1005,Fatima Obi,Kaduna,Basic,12-Month,USSD,Smartphone,39,3269.96,118616.88,1,23.38,0,3,0
NTL-1006,Kemi Adebayo,Lagos,Basic,Month-to-Month,USSD,MiFi,18,2132.38,37882.73,2,36.04,0,0,0
NTL-1007,Emeka Nwosu,Kano,Basic,12-Month,USSD,MiFi,58,3167.07,166110.82,8,7.35,1,2,0
NTL-1008,Emeka Aliyu,Enugu,Premium,Month-to-Month,Card,MiFi,39,14972.85,542695.72,6,43.11,0,1,1
NTL-1009,Uche Adebayo,Abuja,Standard,6-Month,Manual Transfer,MiFi,1,7815.26,7669.72,1,25.28,0,3,0
NTL-1010,Babatunde Salisu,Rivers,Basic,6-Month,Manual Transfer,Smartphone,39,2648.31,88093.22,5,44.0,2,0,1
NTL-1011,Kemi Onyeka,Abuja,Basic,12-Month,Card,Smartphone,49,3065.41,130507.81,3,47.37,0,1,0
NTL-1012,Zainab Lawal,Rivers,Premium,6-Month,Card,Tablet,29,14297.3,380507.84,1,3.67,0,1,0
NTL-1013,Kemi Okeke,Abuja,Premium,12-Month,Auto-Debit,Feature Phone,5,14337.94,70180.3,0,12.28,1,0,0
NTL-1014,Obinna Onyeka,Delta,Basic,6-Month,Card,Feature Phone,7,2193.86,14046.42,1,23.62,2,1,0
NTL-1015,Amina Musa,Kaduna,Basic,Month-to-Month,Manual Transfer,Feature Phone,35,2897.23,92609.61,1,12.87,3,0,1
NTL-1016,Ngozi Bello,Lagos,Basic,Month-to-Month,Manual Transfer,MiFi,32,2962.72,92882.23,5,8.65,0,0,1
NTL-1017,Aisha Adeleke,Delta,Basic,Month-to-Month,USSD,Feature Phone,4,3158.36,11765.89,3,3.33,1,1,1
NTL-1018,Fatima Bello,Abuja,Basic,Month-to-Month,Auto-Debit,Feature Phone,26,2239.77,57275.67,1,29.93,1,0,1
NTL-1019,Obinna Olawale,Kaduna,Standard,Month-to-Month,USSD,Feature Phone,17,5583.14,90239.23,1,16.15,2,0,1
NTL-1020,Yetunde Onyeka,Abuja,Basic,12-Month,Manual Transfer,Tablet,9,3866.52,34176.81,4,18.79,0,2,1
NTL-1021,Yetunde Olawale,Lagos,Premium,12-Month,USSD,Smartphone,57,8940.04,441968.0,0,27.88,0,1,0
NTL-1022,Biodun Nwosu,Delta,Standard,Month-to-Month,Auto-Debit,MiFi,54,5106.72,234545.11,3,32.04,0,1,1
NTL-1023,Zainab Danjuma,Lagos,Basic,Month-to-Month,Manual Transfer,Smartphone,54,2738.43,137949.65,1,2.57,0,3,1
NTL-1024,Blessing Lawal,Rivers,Premium,Month-to-Month,USSD,MiFi,40,13246.34,523953.45,1,8.54,2,0,1
NTL-1025,Chidi Aliyu,Kaduna,Standard,12-Month,Manual Transfer,Tablet,11,7149.5,68122.99,4,43.0,0,2,1
NTL-1026,Blessing Ibrahim,Rivers,Basic,Month-to-Month,Manual Transfer,MiFi,22,2557.21,48405.65,3,17.88,1,1,1
NTL-1027,Segun Okeke,Abuja,Standard,Month-to-Month,USSD,Smartphone,7,6386.29,40316.47,3,22.1,4,0,1
NTL-1028,Biodun Nwosu,Lagos,Premium,6-Month,Auto-Debit,Feature Phone,24,11019.08,262429.84,5,31.35,1,0,0
NTL-1029,Babatunde Ibrahim,Enugu,Standard,6-Month,USSD,Feature Phone,13,5681.79,73202.53,3,45.19,1,0,0
NTL-1030,Chidi Ibrahim,Oyo,Basic,6-Month,USSD,MiFi,29,2884.32,73779.76,2,45.11,2,0,0
NTL-1031,Aisha Olawale,Kaduna,Basic,Month-to-Month,USSD,Feature Phone,52,2398.26,106460.0,1,24.02,2,0,1
NTL-1032,Obinna Lawal,Enugu,Standard,6-Month,Manual Transfer,Feature Phone,42,6750.49,278955.61,4,44.33,2,0,1
NTL-1033,Dele Bello,Rivers,Basic,6-Month,Manual Transfer,MiFi,43,3062.26,122965.26,1,37.88,1,2,1
NTL-1034,Zainab Danjuma,Delta,Basic,12-Month,Card,MiFi,17,3503.55,58129.68,1,38.99,1,0,0
NTL-1035,Tunde Ibrahim,Rivers,Standard,6-Month,USSD,Smartphone,9,4603.32,37595.76,0,11.09,1,0,0
NTL-1036,Zainab Bello,Rivers,Standard,6-Month,Auto-Debit,MiFi,31,4023.58,112602.62,3,42.75,4,0,1
NTL-1037,Yetunde Adesanya,Delta,Basic,6-Month,Card,MiFi,2,2777.71,5279.49,3,36.35,2,3,1
NTL-1038,Hauwa Okeke,Enugu,Premium,12-Month,Auto-Debit,Smartphone,42,11000.29,452784.74,0,13.38,0,0,0
NTL-1039,Ifeanyi Nwosu,Enugu,Standard,Month-to-Month,Card,Smartphone,48,6157.68,295564.55,1,32.68,2,1,0
NTL-1040,Kemi Lawal,Lagos,Premium,Month-to-Month,Manual Transfer,Feature Phone,31,12686.21,367550.69,1,35.12,2,0,1
NTL-1041,Ngozi Aliyu,Oyo,Basic,12-Month,Auto-Debit,Tablet,37,3354.69,123344.77,1,35.89,0,1,0
NTL-1042,Ngozi Ibrahim,Abuja,Premium,Month-to-Month,USSD,MiFi,43,10594.0,421783.66,1,42.55,2,0,0
NTL-1043,Dele Eze,Enugu,Basic,12-Month,USSD,MiFi,30,2871.15,82659.31,1,42.66,2,0,0
NTL-1044,Kemi Okonkwo,Enugu,Standard,Month-to-Month,Card,Tablet,12,5950.2,64492.34,1,14.34,1,3,1
NTL-1045,Chidi Olawale,Rivers,Basic,Month-to-Month,Card,MiFi,36,3516.33,120713.11,2,24.8,2,0,1
NTL-1046,Ifeanyi Adesanya,Oyo,Premium,12-Month,USSD,MiFi,36,11716.45,385444.5,3,16.87,2,0,0
NTL-1047,Kemi Okafor,Rivers,Standard,Month-to-Month,Manual Transfer,Feature Phone,14,6954.42,86795.68,2,38.13,1,5,0
NTL-1048,Aisha Adesanya,Kaduna,Basic,6-Month,Auto-Debit,Feature Phone,18,2091.03,32300.6,1,47.23,1,2,0
NTL-1049,Chidi Onyeka,Oyo,Standard,6-Month,Card,Tablet,12,7861.99,83765.27,4,6.15,0,0,0
NTL-1050,Amina Eze,Kano,Premium,6-Month,Auto-Debit,Feature Phone,8,11906.51,86910.48,2,31.11,2,0,0
NTL-1051,Aisha Onyeka,Enugu,Standard,12-Month,Auto-Debit,Smartphone,49,4831.15,208710.68,3,8.27,0,0,0
NTL-1052,Zainab Okonkwo,Delta,Standard,Month-to-Month,Manual Transfer,Tablet,46,5130.87,231049.68,0,12.05,0,2,1
NTL-1053,Biodun Adeleke,Abuja,Premium,Month-to-Month,Manual Transfer,Tablet,53,8995.65,409519.07,3,29.95,2,3,1
NTL-1054,Ngozi Okonkwo,Oyo,Premium,6-Month,USSD,MiFi,29,8563.09,212564.96,1,16.45,0,0,0
NTL-1055,Obinna Okeke,Oyo,Premium,Month-to-Month,Manual Transfer,MiFi,34,12560.57,421683.09,0,29.47,1,0,0
NTL-1056,Chioma Obi,Enugu,Standard,6-Month,Auto-Debit,Feature Phone,22,5646.58,114823.47,3,20.32,2,0,0
NTL-1057,Segun Nwosu,Kaduna,Basic,6-Month,Auto-Debit,MiFi,27,2108.41,52814.99,2,25.18,1,0,0
NTL-1058,Hauwa Eze,Oyo,Standard,12-Month,Card,Smartphone,2,7892.59,14859.08,1,8.34,1,1,0
NTL-1059,Kemi Okafor,Delta,Basic,12-Month,Manual Transfer,MiFi,60,3433.21,190817.29,1,41.82,4,0,1
NTL-1060,Emeka Musa,Rivers,Premium,12-Month,Manual Transfer,Smartphone,18,13408.73,236086.35,1,39.49,0,0,0
NTL-1061,Obinna Onyeka,Delta,Basic,6-Month,Card,Tablet,22,3103.83,63607.78,2,16.43,0,1,0
NTL-1062,Ifeanyi Adesanya,Enugu,Basic,6-Month,Card,MiFi,25,3976.83,96324.69,3,8.03,4,0,1
NTL-1063,Segun Okafor,Delta,Basic,12-Month,Card,Smartphone,47,2288.31,105468.39,6,4.2,2,0,1
NTL-1064,Ifeanyi Adeyemi,Kaduna,Premium,12-Month,Card,Tablet,41,13031.02,514990.1,4,2.28,0,1,0
NTL-1065,Kemi Adeyemi,Enugu,Basic,12-Month,Auto-Debit,MiFi,11,3388.0,36728.12,0,39.91,0,0,0
NTL-1066,Kemi Olawale,Enugu,Premium,12-Month,Manual Transfer,Feature Phone,12,8552.78,100644.94,2,12.42,3,0,0
NTL-1067,Uche Okonkwo,Oyo,Premium,Month-to-Month,Card,Tablet,44,11826.19,448064.64,5,49.39,0,4,1
NTL-1068,Dele Ibrahim,Rivers,Standard,6-Month,Auto-Debit,Feature Phone,25,6287.69,147166.81,8,15.11,4,1,0
NTL-1069,Chidi Onyeka,Lagos,Premium,12-Month,Card,Tablet,50,13592.02,639545.15,1,32.01,1,1,0
NTL-1070,Ngozi Bello,Oyo,Standard,Month-to-Month,USSD,Feature Phone,6,7638.51,41202.48,1,10.44,2,3,1
NTL-1071,Babatunde Olawale,Oyo,Basic,6-Month,Card,Tablet,48,3740.79,174285.18,2,4.23,2,0,0
NTL-1072,Hauwa Obi,Abuja,Standard,Month-to-Month,USSD,Smartphone,30,5474.34,158047.22,1,19.36,1,0,0
NTL-1073,Chioma Okeke,Kaduna,Premium,Month-to-Month,Auto-Debit,MiFi,59,12907.54,721476.88,0,2.74,0,5,0
NTL-1074,Ngozi Adesanya,Kano,Standard,6-Month,USSD,MiFi,38,6969.08,231239.51,1,5.4,1,0,0
NTL-1075,Amina Obi,Rivers,Standard,6-Month,Manual Transfer,Tablet,7,7923.71,50202.26,5,32.42,0,0,0
NTL-1076,Dele Adeyemi,Rivers,Premium,12-Month,Auto-Debit,Smartphone,51,10334.56,526178.75,3,10.66,2,1,1
NTL-1077,Biodun Adesanya,Kaduna,Basic,12-Month,Auto-Debit,Tablet,55,3968.06,217834.99,2,40.03,0,2,0
NTL-1078,Chidi Obi,Rivers,Premium,6-Month,Auto-Debit,Feature Phone,17,8366.79,136724.9,2,37.41,1,2,0
NTL-1079,Obinna Okafor,Delta,Premium,Month-to-Month,Auto-Debit,Tablet,30,12503.38,320588.89,8,42.44,1,0,0
NTL-1080,Tunde Adeyemi,Kaduna,Premium,Month-to-Month,Auto-Debit,Feature Phone,18,12370.22,208815.31,3,19.35,1,0,1
NTL-1081,Yetunde Adeleke,Abuja,Premium,Month-to-Month,Manual Transfer,MiFi,29,14216.64,376031.39,4,20.24,2,0,1
NTL-1082,Uche Obi,Kano,Premium,6-Month,Auto-Debit,Smartphone,54,8597.55,424703.49,3,18.95,0,0,0
NTL-1083,Hauwa Adebayo,Abuja,Standard,6-Month,Card,Smartphone,19,6401.64,109802.16,2,11.03,1,0,0
NTL-1084,Blessing Danjuma,Kaduna,Basic,6-Month,Manual Transfer,MiFi,55,3121.93,165716.16,2,33.91,1,1,0
NTL-1085,Chidi Aliyu,Oyo,Premium,6-Month,USSD,Tablet,1,9269.84,8078.55,3,3.94,2,4,1
NTL-1086,Babatunde Lawal,Enugu,Standard,6-Month,USSD,Feature Phone,24,5246.55,113156.43,5,30.01,3,0,1
NTL-1087,Amina Adeyemi,Oyo,Standard,12-Month,Card,MiFi,39,5768.18,200432.87,3,6.13,1,0,0
NTL-1088,Chioma Olawale,Oyo,Basic,Month-to-Month,Card,Smartphone,1,2408.85,2389.09,3,38.33,0,0,1
NTL-1089,Zainab Aliyu,Kano,Standard,12-Month,Manual Transfer,Tablet,5,5588.28,26860.24,1,23.26,0,0,0
NTL-1090,Obinna Musa,Enugu,Standard,Month-to-Month,Card,Smartphone,21,4687.49,97663.78,2,34.64,0,0,0
NTL-1091,Kemi Adeleke,Enugu,Premium,Month-to-Month,Card,Tablet,48,10376.59,448248.91,0,25.77,0,1,0
NTL-1092,Blessing Eze,Rivers,Basic,Month-to-Month,USSD,Feature Phone,12,3204.8,37074.37,3,9.27,2,0,1
NTL-1093,Obinna Okonkwo,Kaduna,Premium,6-Month,Manual Transfer,MiFi,5,11282.45,53293.09,3,29.78,0,0,1
NTL-1094,Dele Bello,Lagos,Standard,6-Month,Auto-Debit,Smartphone,40,6376.32,231504.38,2,47.73,2,0,0
NTL-1095,Biodun Adebayo,Delta,Premium,Month-to-Month,Auto-Debit,MiFi,7,13676.77,93402.03,7,4.67,1,0,0
NTL-1096,Dele Olawale,Kano,Standard,6-Month,USSD,MiFi,27,7097.86,182411.71,0,31.73,0,0,0
NTL-1097,Ifeanyi Ibrahim,Oyo,Premium,12-Month,Manual Transfer,Tablet,6,12079.18,63141.32,1,48.4,1,0,0
NTL-1098,Tunde Ibrahim,Enugu,Premium,6-Month,Manual Transfer,Smartphone,42,12693.19,493809.23,0,15.79,4,0,0
NTL-1099,Biodun Adesanya,Kano,Basic,Month-to-Month,USSD,Smartphone,33,3541.75,113987.13,4,2.37,0,2,1
NTL-1100,Yetunde Musa,Kano,Basic,Month-to-Month,Manual Transfer,MiFi,3,2821.72,8054.21,1,22.49,0,1,1
NTL-1101,Kemi Danjuma,Rivers,Standard,6-Month,Manual Transfer,Tablet,44,7788.52,341895.02,2,14.45,0,1,0
NTL-1102,Biodun Salisu,Kano,Standard,Month-to-Month,Card,Tablet,36,7737.17,266480.25,2,6.67,0,0,0
NTL-1103,Babatunde Eze,Enugu,Basic,Month-to-Month,Card,Tablet,60,2053.34,105704.53,2,12.17,4,0,0
NTL-1104,Segun Okafor,Kaduna,Basic,Month-to-Month,Auto-Debit,Tablet,59,3659.52,206068.44,0,35.42,1,0,0
NTL-1105,Chidi Nwosu,Rivers,Basic,12-Month,Card,Smartphone,50,2576.2,115307.19,0,21.28,2,0,0
NTL-1106,Chioma Salisu,Lagos,Premium,12-Month,Manual Transfer,Feature Phone,19,11004.67,197007.88,1,21.12,1,0,0
NTL-1107,Tunde Olawale,Lagos,Standard,6-Month,Auto-Debit,MiFi,24,5014.6,102591.05,3,17.57,2,1,1
NTL-1108,Segun Eze,Lagos,Standard,12-Month,USSD,Feature Phone,54,7116.57,353433.39,3,31.77,2,0,0
NTL-1109,Amina Ibrahim,Rivers,Basic,Month-to-Month,Auto-Debit,Tablet,60,2620.15,143018.31,4,23.93,0,1,1
NTL-1110,Blessing Bello,Kaduna,Standard,Month-to-Month,USSD,MiFi,57,5600.09,292379.29,6,17.28,0,1,0
NTL-1111,Babatunde Nwosu,Abuja,Premium,6-Month,Auto-Debit,MiFi,39,14965.69,511911.46,1,5.58,0,0,0
NTL-1112,Yetunde Adeleke,Kano,Premium,6-Month,USSD,MiFi,3,13087.7,38742.51,2,22.03,1,2,0
NTL-1113,Tunde Musa,Kaduna,Premium,12-Month,Manual Transfer,Smartphone,10,13940.69,132675.41,1,6.75,0,1,0
NTL-1114,Ifeanyi Onyeka,Lagos,Premium,Month-to-Month,Card,Tablet,24,11107.58,229669.07,0,18.66,0,0,0
NTL-1115,Chidi Aliyu,Delta,Premium,6-Month,Auto-Debit,Tablet,50,9822.03,450311.08,8,14.64,3,0,0
NTL-1116,Emeka Adeyemi,Delta,Basic,12-Month,Card,Smartphone,52,3363.86,170867.49,1,17.7,0,1,0
NTL-1117,Fatima Aliyu,Kaduna,Premium,Month-to-Month,Auto-Debit,Feature Phone,51,8972.14,443191.0,0,27.92,0,2,1
NTL-1118,Emeka Salisu,Abuja,Basic,6-Month,Card,MiFi,34,2821.59,87435.74,2,6.7,0,0,0
NTL-1119,Babatunde Obi,Kano,Premium,12-Month,Manual Transfer,Feature Phone,28,11520.05,316184.92,4,26.15,0,0,0
NTL-1120,Blessing Olawale,Oyo,Basic,6-Month,Manual Transfer,Tablet,9,3250.04,27558.64,0,32.23,1,1,0
NTL-1121,Yetunde Salisu,Kaduna,Premium,Month-to-Month,Auto-Debit,Smartphone,3,14639.83,42411.0,1,10.94,1,1,0
NTL-1122,Chioma Danjuma,Oyo,Premium,6-Month,Card,Feature Phone,52,13651.45,646635.35,2,34.59,0,0,0
NTL-1123,Biodun Adebayo,Kano,Standard,12-Month,USSD,Tablet,26,4523.06,106495.93,2,16.3,1,0,0
NTL-1124,Emeka Okafor,Lagos,Standard,6-Month,Card,Feature Phone,56,7609.24,414195.39,5,36.2,0,0,0
NTL-1125,Dele Abubakar,Oyo,Standard,Month-to-Month,Auto-Debit,MiFi,33,5828.92,170446.99,2,2.91,0,1,0
NTL-1126,Aisha Danjuma,Lagos,Basic,6-Month,Manual Transfer,Tablet,47,2731.56,116891.49,0,3.03,1,0,0
NTL-1127,Tunde Musa,Delta,Premium,6-Month,Auto-Debit,Feature Phone,7,10757.33,72984.63,1,46.98,2,0,0
NTL-1128,Ifeanyi Olawale,Lagos,Basic,Month-to-Month,Manual Transfer,Tablet,52,2947.49,140785.42,2,26.02,0,1,0
NTL-1129,Ifeanyi Salisu,Oyo,Premium,6-Month,Card,Tablet,31,13710.24,384748.6,3,49.0,1,2,0
NTL-1130,Yetunde Abubakar,Oyo,Premium,12-Month,Manual Transfer,Smartphone,38,11363.14,400983.9,3,38.84,0,2,0
NTL-1131,Amina Onyeka,Abuja,Basic,Month-to-Month,Card,Tablet,27,2302.86,59290.64,1,38.86,3,3,1
NTL-1132,Emeka Olawale,Rivers,Premium,6-Month,Card,MiFi,21,14696.8,283617.97,2,27.54,1,2,0
NTL-1133,Yetunde Abubakar,Rivers,Basic,6-Month,USSD,Feature Phone,20,3542.35,67710.97,3,24.71,1,1,0
NTL-1134,Aisha Okafor,Enugu,Standard,6-Month,Manual Transfer,Tablet,3,5150.52,14789.02,1,22.4,0,0,0
NTL-1135,Hauwa Nwosu,Oyo,Basic,Month-to-Month,Manual Transfer,Feature Phone,4,3339.67,12418.98,2,3.1,1,1,1
NTL-1136,Emeka Okeke,Kano,Standard,12-Month,Card,MiFi,42,4797.82,200417.7,1,32.47,3,0,0
NTL-1137,Kemi Danjuma,Lagos,Basic,6-Month,Manual Transfer,Smartphone,54,2793.99,139455.33,5,48.13,3,3,1
NTL-1138,Aisha Onyeka,Abuja,Standard,6-Month,Card,MiFi,57,7754.24,432117.13,2,10.04,0,0,0
NTL-1139,Uche Aliyu,Lagos,Premium,6-Month,USSD,Feature Phone,12,12276.68,139336.71,1,21.67,0,0,0
NTL-1140,Fatima Eze,Delta,Standard,Month-to-Month,Auto-Debit,Tablet,25,4942.09,118988.66,6,15.45,2,0,1
NTL-1141,Kemi Bello,Abuja,Standard,6-Month,Manual Transfer,MiFi,44,6010.08,260283.23,3,15.89,0,3,0
NTL-1142,Blessing Salisu,Rivers,Basic,Month-to-Month,Card,Feature Phone,30,3495.47,98662.53,1,27.69,1,1,0
NTL-1143,Kemi Salisu,Abuja,Premium,6-Month,USSD,Smartphone,59,11949.18,605782.31,2,25.52,1,0,0
NTL-1144,Babatunde Okonkwo,Abuja,Premium,Month-to-Month,Card,Smartphone,58,11572.63,651951.3,2,25.91,1,0,0
NTL-1145,Aisha Okeke,Enugu,Standard,Month-to-Month,Manual Transfer,Smartphone,3,5694.79,16316.56,2,3.48,3,5,1
NTL-1146,Amina Ibrahim,Enugu,Basic,Month-to-Month,Card,Tablet,58,2764.96,157231.38,5,19.09,1,1,1
NTL-1147,Emeka Obi,Abuja,Basic,12-Month,Card,Feature Phone,47,3957.45,181391.67,3,48.94,1,1,0
NTL-1148,Hauwa Musa,Rivers,Basic,6-Month,USSD,Feature Phone,18,2376.96,41984.39,3,2.09,1,1,0
NTL-1149,Kemi Lawal,Abuja,Basic,12-Month,Auto-Debit,MiFi,39,3344.05,127918.08,1,2.69,1,1,0
NTL-1150,Emeka Olawale,Oyo,Basic,12-Month,USSD,Tablet,16,2603.53,36303.17,3,11.44,0,0,0
NTL-1151,Fatima Adeleke,Delta,Basic,6-Month,Card,Tablet,45,2832.65,111201.96,1,37.84,1,2,0
NTL-1152,Emeka Okonkwo,Lagos,Premium,6-Month,Card,Feature Phone,25,9700.01,213521.59,2,46.15,2,0,0
NTL-1153,Amina Nwosu,Enugu,Premium,12-Month,Auto-Debit,Smartphone,13,13632.55,166259.69,3,11.24,0,3,0
NTL-1154,Chidi Lawal,Rivers,Premium,Month-to-Month,Card,Feature Phone,45,12230.81,484712.67,5,27.83,2,0,1
NTL-1155,Blessing Ibrahim,Oyo,Standard,12-Month,Card,MiFi,7,7211.27,48377.05,3,16.35,0,0,0
NTL-1156,Obinna Adesanya,Kano,Basic,6-Month,Card,Tablet,10,2392.38,21160.67,2,12.66,1,4,0
NTL-1157,Uche Abubakar,Delta,Standard,Month-to-Month,USSD,Feature Phone,9,6881.25,57177.87,5,27.34,1,0,0
NTL-1158,Tunde Bello,Lagos,Standard,Month-to-Month,Manual Transfer,Smartphone,46,4604.12,186969.47,2,3.49,1,3,1
NTL-1159,Chioma Okeke,Lagos,Premium,12-Month,Card,Smartphone,2,11705.92,20864.89,6,1.35,2,1,1
NTL-1160,Ngozi Okafor,Kano,Basic,Month-to-Month,USSD,Tablet,18,3589.87,55690.92,6,23.22,0,1,1
NTL-1161,Tunde Bello,Abuja,Standard,6-Month,Card,MiFi,4,6546.99,25020.68,0,42.34,1,0,0
NTL-1162,Babatunde Bello,Rivers,Basic,12-Month,Card,Tablet,3,3848.32,10998.47,1,27.38,1,0,0
NTL-1163,Chidi Lawal,Kano,Premium,6-Month,Auto-Debit,Tablet,11,11947.71,122882.77,4,34.01,1,0,0
NTL-1164,Tunde Olawale,Kaduna,Basic,Month-to-Month,Card,Feature Phone,54,2152.04,109327.65,2,29.98,4,0,1
NTL-1165,Dele Abubakar,Rivers,Standard,12-Month,Card,MiFi,12,6718.78,76521.59,0,31.12,2,1,0
NTL-1166,Uche Eze,Enugu,Premium,12-Month,Manual Transfer,MiFi,21,10524.9,190903.68,5,22.51,2,0,0
NTL-1167,Fatima Adeleke,Delta,Premium,12-Month,Card,Smartphone,2,8627.33,16100.89,2,39.33,3,0,0
NTL-1168,Ifeanyi Adeyemi,Rivers,Premium,12-Month,Manual Transfer,MiFi,11,8971.88,88344.91,2,3.63,1,0,0
NTL-1169,Tunde Obi,Oyo,Basic,12-Month,Card,Feature Phone,30,2213.94,59490.7,5,16.94,1,2,0
NTL-1170,Dele Adebayo,Enugu,Premium,12-Month,Manual Transfer,Tablet,21,12222.48,244940.59,2,9.29,0,0,0
NTL-1171,Obinna Adesanya,Kaduna,Standard,6-Month,Card,Tablet,8,7728.27,54405.17,8,9.41,2,0,0
NTL-1172,Biodun Okonkwo,Oyo,Premium,Month-to-Month,Card,MiFi,9,12433.35,99177.46,3,35.9,2,0,1
NTL-1173,Chioma Onyeka,Enugu,Premium,12-Month,Card,Smartphone,51,14779.0,719995.97,4,29.89,3,0,0
NTL-1174,Blessing Aliyu,Lagos,Premium,12-Month,Card,Tablet,51,11013.19,478310.45,1,25.78,1,1,0
NTL-1175,Kemi Okonkwo,Kaduna,Standard,6-Month,Manual Transfer,Tablet,2,5931.08,10608.51,5,4.75,2,1,1
NTL-1176,Aisha Adebayo,Delta,Basic,12-Month,Card,Tablet,31,2195.25,65214.89,2,3.83,0,1,0
NTL-1177,Segun Okafor,Kano,Premium,Month-to-Month,Manual Transfer,Feature Phone,22,11918.94,260582.91,1,20.55,0,1,0
NTL-1178,Ifeanyi Okeke,Rivers,Standard,12-Month,Card,MiFi,1,6818.94,6006.58,3,40.53,0,0,0
NTL-1179,Fatima Obi,Kaduna,Basic,6-Month,Auto-Debit,Tablet,43,3725.27,148838.55,2,30.05,1,1,0
NTL-1180,Blessing Okonkwo,Kano,Premium,12-Month,USSD,Smartphone,44,8937.63,341219.83,1,9.56,1,1,0
NTL-1181,Yetunde Eze,Enugu,Standard,Month-to-Month,Card,Feature Phone,36,4667.46,150104.15,0,42.18,1,2,0
NTL-1182,Chioma Eze,Rivers,Standard,12-Month,Card,MiFi,44,5966.9,251128.56,1,8.78,1,2,0
NTL-1183,Aisha Bello,Oyo,Basic,12-Month,USSD,Feature Phone,50,2914.64,140103.5,3,27.71,0,0,0
NTL-1184,Blessing Danjuma,Lagos,Premium,6-Month,Manual Transfer,MiFi,7,13151.92,87280.81,1,43.8,0,0,0
NTL-1185,Dele Okafor,Rivers,Basic,12-Month,USSD,MiFi,11,3232.3,34407.84,4,40.37,1,1,0
NTL-1186,Hauwa Aliyu,Kaduna,Premium,6-Month,USSD,Tablet,55,11600.9,628493.62,4,7.21,2,0,0
NTL-1187,Uche Eze,Kano,Basic,Month-to-Month,USSD,Feature Phone,49,3687.11,164210.42,0,31.8,1,0,0
NTL-1188,Tunde Musa,Oyo,Premium,6-Month,Card,MiFi,21,12073.69,248561.77,4,5.11,4,1,0
NTL-1189,Tunde Danjuma,Enugu,Basic,6-Month,Manual Transfer,MiFi,18,2645.73,42505.51,2,6.96,3,2,1
NTL-1190,Amina Okafor,Delta,Basic,Month-to-Month,Manual Transfer,MiFi,30,2001.35,59662.53,1,34.59,0,1,0
NTL-1191,Uche Adeyemi,Kaduna,Standard,Month-to-Month,USSD,Feature Phone,4,5585.37,20014.09,3,12.09,1,1,0
NTL-1192,Biodun Abubakar,Abuja,Basic,12-Month,Manual Transfer,MiFi,1,2016.13,1817.61,0,43.09,1,0,0
NTL-1193,Ifeanyi Adeyemi,Abuja,Basic,6-Month,USSD,Tablet,9,2765.44,24192.2,4,32.26,1,0,0
NTL-1194,Chidi Salisu,Kano,Standard,6-Month,Manual Transfer,Feature Phone,59,5646.84,317499.85,4,4.79,0,2,1
NTL-1195,Ifeanyi Obi,Enugu,Standard,Month-to-Month,Manual Transfer,Tablet,42,4336.99,169951.02,2,30.58,2,1,1
NTL-1196,Biodun Olawale,Rivers,Premium,6-Month,USSD,Smartphone,51,14285.39,723601.25,2,6.08,1,1,0
NTL-1197,Chidi Obi,Kaduna,Basic,6-Month,Card,Tablet,35,3365.88,113612.96,6,38.63,0,0,0
NTL-1198,Biodun Bello,Lagos,Standard,12-Month,USSD,MiFi,28,6807.24,164368.96,2,30.99,0,0,0
NTL-1199,Biodun Eze,Kaduna,Standard,12-Month,Auto-Debit,Tablet,45,5749.94,256939.74,1,12.6,3,0,0
NTL-1200,Yetunde Bello,Oyo,Premium,12-Month,Manual Transfer,Smartphone,1,12955.3,12375.23,0,47.67,1,2,0
NTL-1201,Fatima Obi,Kano,Premium,6-Month,Auto-Debit,Smartphone,22,13649.75,267501.47,0,35.76,1,0,0
NTL-1202,Babatunde Obi,Lagos,Standard,12-Month,Manual Transfer,Tablet,11,5020.46,47793.74,2,36.28,0,1,0
NTL-1203,Chidi Adesanya,Lagos,Standard,6-Month,Card,Feature Phone,12,7724.64,90714.1,2,45.74,2,0,0
NTL-1204,Kemi Adeleke,Kaduna,Standard,Month-to-Month,USSD,Smartphone,33,6693.3,189492.19,1,26.03,0,0,0
NTL-1205,Aisha Ibrahim,Kaduna,Basic,12-Month,Card,Smartphone,24,2401.34,53861.35,1,31.32,1,1,0
NTL-1206,Biodun Danjuma,Rivers,Basic,Month-to-Month,Card,Smartphone,15,3083.09,43720.9,3,0.97,0,2,1
NTL-1207,Aisha Okafor,Rivers,Premium,Month-to-Month,Card,MiFi,4,14807.91,51611.85,1,2.67,0,2,1
NTL-1208,Blessing Okonkwo,Abuja,Premium,Month-to-Month,Manual Transfer,MiFi,5,12143.27,52176.14,3,6.97,0,2,1
NTL-1209,Segun Adebayo,Delta,Standard,Month-to-Month,Auto-Debit,Feature Phone,9,7119.75,60086.1,0,8.64,1,0,0
NTL-1210,Blessing Lawal,Delta,Standard,6-Month,USSD,Smartphone,6,4630.46,26474.42,4,35.0,0,2,0
NTL-1211,Emeka Adeyemi,Rivers,Standard,6-Month,Auto-Debit,Tablet,17,7280.36,108429.04,6,42.8,1,1,0
NTL-1212,Dele Okafor,Kano,Basic,Month-to-Month,Auto-Debit,Feature Phone,9,2396.27,19627.33,3,46.91,0,1,0
NTL-1213,Chidi Adeyemi,Rivers,Premium,6-Month,Manual Transfer,Smartphone,58,13930.93,784831.24,0,47.14,0,3,0
NTL-1214,Ifeanyi Abubakar,Lagos,Standard,12-Month,Card,Feature Phone,23,4858.86,98127.94,1,44.23,0,1,0
NTL-1215,Aisha Abubakar,Enugu,Premium,6-Month,Auto-Debit,Smartphone,18,10681.11,175511.29,2,39.96,0,5,0
NTL-1216,Chidi Musa,Kaduna,Standard,12-Month,Card,Tablet,59,6262.6,331894.0,1,1.79,1,0,0
NTL-1217,Amina Abubakar,Kaduna,Premium,Month-to-Month,Manual Transfer,Smartphone,16,12598.05,179392.01,4,45.9,0,5,1
NTL-1218,Obinna Musa,Kaduna,Basic,Month-to-Month,Manual Transfer,Tablet,52,3476.21,163376.69,2,35.32,0,1,0
NTL-1219,Obinna Lawal,Delta,Premium,6-Month,Manual Transfer,MiFi,3,8631.8,22914.67,1,26.56,0,3,0
NTL-1220,Emeka Adebayo,Kano,Standard,Month-to-Month,Auto-Debit,Feature Phone,38,6818.79,225752.55,0,26.55,0,0,0
NTL-1221,Obinna Okafor,Kaduna,Standard,6-Month,Manual Transfer,Feature Phone,47,7794.77,354915.29,6,32.63,0,4,1
NTL-1222,Blessing Adesanya,Kano,Standard,6-Month,USSD,Feature Phone,12,6915.32,82346.38,5,19.88,4,4,0
NTL-1223,Fatima Salisu,Kaduna,Premium,Month-to-Month,Auto-Debit,MiFi,10,10318.18,88908.76,1,16.32,1,4,0
NTL-1224,Dele Okeke,Oyo,Basic,Month-to-Month,Auto-Debit,Tablet,17,3574.04,58210.58,0,22.19,1,0,0
NTL-1225,Chioma Musa,Kaduna,Premium,6-Month,Auto-Debit,MiFi,51,14048.36,678956.08,3,8.55,0,2,0
NTL-1226,Chidi Adebayo,Oyo,Basic,Month-to-Month,USSD,Feature Phone,57,2750.92,150498.63,2,44.96,0,1,1
NTL-1227,Chioma Okeke,Enugu,Premium,Month-to-Month,Card,Feature Phone,4,8708.8,30683.98,0,35.01,2,1,1
NTL-1228,Aisha Ibrahim,Rivers,Basic,Month-to-Month,Card,MiFi,10,2109.01,17938.66,0,41.28,1,0,0
NTL-1229,Chidi Lawal,Kano,Premium,6-Month,Auto-Debit,MiFi,55,8808.56,468837.65,2,44.8,0,1,0
NTL-1230,Fatima Obi,Enugu,Standard,Month-to-Month,Card,Smartphone,17,5758.96,87085.1,4,28.43,0,1,0
NTL-1231,Tunde Obi,Enugu,Premium,Month-to-Month,Auto-Debit,MiFi,53,11658.08,614692.56,3,46.85,1,0,0
NTL-1232,Tunde Musa,Lagos,Premium,12-Month,Manual Transfer,Smartphone,49,11143.28,541848.7,0,10.99,0,0,0
NTL-1233,Zainab Lawal,Kano,Premium,6-Month,USSD,Smartphone,6,10716.69,58487.62,1,14.17,1,3,0
NTL-1234,Obinna Olawale,Enugu,Basic,6-Month,Manual Transfer,Feature Phone,37,3175.87,113248.33,5,46.28,1,0,0
NTL-1235,Hauwa Obi,Enugu,Standard,6-Month,Card,MiFi,3,4688.8,12806.7,2,34.2,1,0,0
NTL-1236,Kemi Bello,Delta,Standard,6-Month,Auto-Debit,Tablet,53,7174.61,340952.15,4,42.98,1,4,0
NTL-1237,Emeka Ibrahim,Delta,Standard,6-Month,Card,Smartphone,13,5766.87,73995.83,1,24.48,1,0,0
NTL-1238,Babatunde Aliyu,Abuja,Standard,12-Month,Card,Feature Phone,50,7405.18,363557.27,0,10.04,2,2,0
NTL-1239,Amina Okonkwo,Lagos,Standard,12-Month,Manual Transfer,Tablet,24,7294.03,162062.08,2,6.63,0,0,0
NTL-1240,Dele Aliyu,Delta,Premium,12-Month,USSD,Tablet,11,13863.58,135541.29,4,4.97,0,0,0
NTL-1241,Biodun Adesanya,Rivers,Premium,Month-to-Month,USSD,MiFi,33,8140.37,259779.58,3,0.94,3,1,1
NTL-1242,Chidi Adesanya,Oyo,Premium,6-Month,USSD,MiFi,58,10635.33,556586.91,1,23.6,1,2,0
NTL-1243,Obinna Okafor,Lagos,Premium,12-Month,USSD,Tablet,20,12790.89,235930.72,1,14.19,0,0,0
NTL-1244,Biodun Eze,Rivers,Basic,12-Month,Card,Tablet,44,2279.86,85649.79,2,15.13,3,0,0
NTL-1245,Obinna Onyeka,Rivers,Standard,12-Month,Manual Transfer,MiFi,59,7762.67,413926.52,1,8.91,1,1,0
NTL-1246,Ngozi Abubakar,Kano,Premium,6-Month,Manual Transfer,Tablet,42,8625.1,327221.51,3,15.7,2,0,1
NTL-1247,Obinna Ibrahim,Delta,Basic,6-Month,Auto-Debit,Smartphone,31,3778.85,108366.91,4,19.39,0,0,0
NTL-1248,Emeka Lawal,Kaduna,Standard,12-Month,Card,Feature Phone,21,7449.58,137207.29,0,16.97,4,0,0
NTL-1249,Chidi Okonkwo,Oyo,Basic,Month-to-Month,Manual Transfer,MiFi,51,3527.14,155277.11,2,31.86,1,4,1
NTL-1250,Chidi Bello,Rivers,Premium,6-Month,Auto-Debit,Tablet,49,13832.6,595503.65,3,31.52,0,1,0
NTL-1251,Aisha Eze,Abuja,Standard,12-Month,USSD,Feature Phone,5,7295.38,32636.99,1,36.53,1,0,0
NTL-1252,Segun Abubakar,Kaduna,Basic,Month-to-Month,Card,Smartphone,15,2448.64,36646.29,1,1.58,1,0,0
NTL-1253,Ifeanyi Nwosu,Lagos,Premium,Month-to-Month,Auto-Debit,Smartphone,4,12828.25,46823.95,1,27.59,1,0,0
NTL-1254,Aisha Adeleke,Abuja,Premium,12-Month,USSD,Feature Phone,27,13814.57,322914.23,3,6.33,0,0,0
NTL-1255,Yetunde Lawal,Oyo,Premium,Month-to-Month,USSD,MiFi,19,9122.62,161581.63,5,34.57,1,0,0
NTL-1256,Tunde Okafor,Delta,Basic,Month-to-Month,Auto-Debit,Smartphone,58,2511.78,128882.18,7,15.15,1,0,0
NTL-1257,Amina Ibrahim,Kaduna,Premium,6-Month,Card,Smartphone,7,13958.72,96103.09,0,7.35,1,0,0
NTL-1258,Yetunde Nwosu,Abuja,Standard,6-Month,Manual Transfer,Smartphone,26,5601.0,133754.69,4,34.65,1,0,0
NTL-1259,Ngozi Eze,Lagos,Basic,Month-to-Month,Card,MiFi,52,3137.89,149419.01,2,39.07,1,2,0
NTL-1260,Chioma Abubakar,Abuja,Standard,6-Month,Auto-Debit,Smartphone,17,6619.89,95866.06,4,26.48,2,1,0
NTL-1261,Segun Olawale,Abuja,Standard,12-Month,Manual Transfer,MiFi,23,6654.84,144828.25,0,41.41,3,1,0
NTL-1262,Fatima Olawale,Delta,Standard,Month-to-Month,Auto-Debit,MiFi,21,4963.57,103768.18,0,11.52,1,0,0
NTL-1263,Tunde Okonkwo,Delta,Premium,6-Month,Auto-Debit,MiFi,29,10212.43,295301.79,3,1.38,1,0,0
NTL-1264,Chidi Adeyemi,Oyo,Premium,12-Month,Manual Transfer,MiFi,22,10543.4,199049.99,1,23.0,1,1,0
NTL-1265,Blessing Okonkwo,Abuja,Basic,12-Month,Manual Transfer,Smartphone,22,2710.28,56349.65,3,27.61,0,0,0
NTL-1266,Chioma Eze,Enugu,Basic,6-Month,Manual Transfer,Feature Phone,8,3860.43,28071.02,2,39.18,2,0,1
NTL-1267,Amina Onyeka,Abuja,Standard,6-Month,Manual Transfer,MiFi,1,6121.46,5247.84,5,42.02,1,1,0
NTL-1268,Obinna Aliyu,Kano,Basic,6-Month,USSD,MiFi,27,3959.0,105544.71,3,14.04,4,4,1
NTL-1269,Emeka Eze,Enugu,Premium,12-Month,USSD,Tablet,46,13157.73,564725.99,1,10.88,2,1,0
NTL-1270,Fatima Olawale,Kaduna,Premium,Month-to-Month,USSD,MiFi,38,11994.47,433033.91,1,37.52,2,0,1
NTL-1271,Chidi Olawale,Abuja,Basic,6-Month,Manual Transfer,Smartphone,43,2113.21,80876.79,3,49.18,1,0,0
NTL-1272,Aisha Lawal,Lagos,Standard,6-Month,Auto-Debit,Feature Phone,48,6588.48,287257.62,2,39.94,1,1,0
NTL-1273,Ifeanyi Musa,Enugu,Premium,6-Month,Auto-Debit,Smartphone,48,9759.39,441788.5,3,43.57,2,3,1
NTL-1274,Obinna Danjuma,Rivers,Premium,Month-to-Month,USSD,MiFi,12,14884.17,153813.67,6,36.89,0,0,0
NTL-1275,Hauwa Nwosu,Kano,Basic,12-Month,USSD,Smartphone,22,2932.66,63913.61,0,46.47,1,2,0
NTL-1276,Aisha Abubakar,Kaduna,Basic,12-Month,USSD,Feature Phone,12,3041.21,35324.46,0,27.38,1,0,0
NTL-1277,Segun Adebayo,Kaduna,Standard,Month-to-Month,Card,Smartphone,8,6675.75,48965.3,5,30.88,1,4,1
NTL-1278,Ifeanyi Okafor,Enugu,Standard,12-Month,USSD,Smartphone,59,6067.47,345656.94,2,25.68,1,0,0
NTL-1279,Segun Olawale,Abuja,Basic,Month-to-Month,Auto-Debit,Smartphone,14,3340.67,45180.97,4,21.5,0,1,1
NTL-1280,Tunde Eze,Lagos,Standard,12-Month,USSD,Smartphone,6,4292.99,22581.96,1,3.99,2,3,0
NTL-1281,Ifeanyi Okonkwo,Enugu,Standard,6-Month,Auto-Debit,MiFi,44,4473.22,167472.58,3,3.63,2,0,0
NTL-1282,Blessing Olawale,Abuja,Standard,12-Month,USSD,Smartphone,19,7061.1,122844.62,1,33.21,1,1,0
NTL-1283,Ifeanyi Danjuma,Oyo,Premium,Month-to-Month,USSD,Tablet,1,11874.67,11082.16,0,0.75,1,1,0
NTL-1284,Aisha Lawal,Kaduna,Basic,6-Month,Manual Transfer,Feature Phone,12,2441.58,28572.7,0,9.48,2,2,1
NTL-1285,Dele Danjuma,Abuja,Standard,12-Month,Auto-Debit,Tablet,7,4789.67,31418.44,6,18.18,1,0,0
NTL-1286,Yetunde Adeyemi,Rivers,Standard,6-Month,Card,Tablet,40,6637.69,253299.22,0,28.56,2,4,0
NTL-1287,Chidi Adebayo,Rivers,Basic,12-Month,Card,Tablet,54,2718.97,139767.56,1,24.26,1,2,0
NTL-1288,Hauwa Okafor,Kano,Premium,12-Month,Auto-Debit,Tablet,55,13785.11,745818.57,0,36.81,1,1,0
NTL-1289,Babatunde Okeke,Enugu,Premium,Month-to-Month,Auto-Debit,Tablet,35,14257.9,464569.5,3,7.86,0,3,1
NTL-1290,Aisha Eze,Delta,Premium,12-Month,Auto-Debit,MiFi,24,11515.17,262380.55,4,40.42,1,0,0
NTL-1291,Emeka Okonkwo,Kano,Basic,12-Month,Manual Transfer,MiFi,23,2080.84,46146.95,1,13.59,0,1,0
NTL-1292,Blessing Musa,Delta,Standard,Month-to-Month,Auto-Debit,Tablet,7,6814.95,44279.74,4,41.83,0,1,0
NTL-1293,Ifeanyi Musa,Kaduna,Premium,12-Month,Auto-Debit,Tablet,25,14808.72,327063.5,1,40.95,0,2,0
NTL-1294,Chidi Olawale,Kano,Standard,Month-to-Month,Manual Transfer,Smartphone,33,6573.91,191281.12,0,18.43,2,0,1
NTL-1295,Zainab Adebayo,Abuja,Standard,12-Month,Card,MiFi,14,6363.16,84370.69,1,12.56,0,1,0
NTL-1296,Babatunde Bello,Kano,Basic,Month-to-Month,USSD,Feature Phone,34,3916.48,125157.87,2,1.42,2,1,1
NTL-1297,Tunde Lawal,Delta,Premium,6-Month,Card,Feature Phone,15,13812.55,194783.02,3,41.11,0,1,0
NTL-1298,Fatima Adebayo,Delta,Premium,12-Month,Auto-Debit,Feature Phone,25,10698.23,231693.04,1,43.05,1,0,0
NTL-1299,Yetunde Okafor,Kano,Standard,12-Month,Auto-Debit,Smartphone,6,5928.96,30933.14,2,41.46,3,2,0
NTL-1300,Babatunde Adeleke,Kaduna,Basic,12-Month,Card,Feature Phone,52,2964.25,148792.42,1,40.33,3,2,1
NTL-1301,Ngozi Adeleke,Kano,Standard,6-Month,Manual Transfer,Smartphone,19,6393.17,113156.77,1,0.77,2,0,1
NTL-1302,Ngozi Olawale,Lagos,Standard,12-Month,Manual Transfer,Tablet,27,5449.08,128472.16,3,13.05,3,0,1
NTL-1303,Yetunde Nwosu,Enugu,Basic,6-Month,Card,Feature Phone,24,3118.19,69041.52,7,29.09,2,0,0
NTL-1304,Ngozi Adesanya,Delta,Premium,Month-to-Month,Auto-Debit,Feature Phone,33,10803.93,321149.71,2,35.0,2,0,0
NTL-1305,Tunde Eze,Delta,Premium,6-Month,Auto-Debit,Smartphone,17,9552.39,139981.69,0,19.52,4,1,0
NTL-1306,Aisha Salisu,Lagos,Basic,12-Month,Card,MiFi,1,2403.41,2279.71,4,14.66,0,1,1
NTL-1307,Kemi Salisu,Kano,Premium,Month-to-Month,USSD,Feature Phone,42,8002.01,293608.97,8,39.09,0,0,1
NTL-1308,Biodun Olawale,Lagos,Premium,12-Month,Auto-Debit,Smartphone,36,9991.46,350507.71,5,17.73,4,0,1
NTL-1309,Biodun Okonkwo,Enugu,Premium,Month-to-Month,USSD,Feature Phone,27,11543.67,291044.25,2,17.33,0,1,0
NTL-1310,Hauwa Onyeka,Oyo,Premium,6-Month,Card,MiFi,50,9702.91,437091.41,3,34.24,3,2,1
NTL-1311,Ngozi Nwosu,Abuja,Standard,12-Month,Manual Transfer,Feature Phone,52,5262.92,271842.85,2,0.98,2,0,0
NTL-1312,Ifeanyi Adebayo,Abuja,Premium,Month-to-Month,Card,Tablet,23,9529.96,205173.45,0,37.43,3,0,0
NTL-1313,Kemi Adesanya,Oyo,Basic,Month-to-Month,Manual Transfer,Feature Phone,54,3237.19,152677.42,0,46.05,1,1,1
NTL-1314,Chidi Danjuma,Lagos,Standard,6-Month,USSD,MiFi,58,7941.45,453487.75,4,24.79,4,3,1
NTL-1315,Ifeanyi Adesanya,Kano,Basic,12-Month,Card,MiFi,35,2065.13,65202.9,4,38.91,1,0,0
NTL-1316,Dele Adebayo,Lagos,Basic,12-Month,Manual Transfer,MiFi,38,2201.5,75646.03,4,9.76,0,0,1
NTL-1317,Segun Obi,Kano,Standard,6-Month,Manual Transfer,MiFi,45,7008.78,285357.41,1,22.81,1,4,0
NTL-1318,Ngozi Nwosu,Rivers,Premium,6-Month,Card,Feature Phone,10,13600.26,130668.76,2,0.98,1,0,0
NTL-1319,Hauwa Adebayo,Delta,Standard,6-Month,Auto-Debit,MiFi,7,6762.17,40661.19,4,24.09,1,0,0
NTL-1320,Uche Obi,Kaduna,Premium,12-Month,USSD,Tablet,2,10882.33,19646.17,3,30.48,1,1,0
NTL-1321,Fatima Ibrahim,Kaduna,Standard,12-Month,Card,MiFi,57,4313.63,231628.24,2,47.85,3,1,0
NTL-1322,Zainab Salisu,Enugu,Basic,Month-to-Month,Manual Transfer,Tablet,15,2626.96,37353.48,3,30.47,0,3,1
NTL-1323,Obinna Olawale,Delta,Standard,Month-to-Month,Manual Transfer,Smartphone,9,6911.09,59046.49,5,35.18,0,0,0
NTL-1324,Ngozi Adeyemi,Delta,Premium,Month-to-Month,Auto-Debit,MiFi,34,13354.97,391628.9,1,8.19,1,3,0
NTL-1325,Kemi Adesanya,Oyo,Standard,12-Month,Manual Transfer,Feature Phone,34,7354.07,213604.21,3,43.09,0,0,0
NTL-1326,Uche Danjuma,Delta,Basic,12-Month,Manual Transfer,MiFi,41,3497.82,140771.01,1,32.17,1,3,1
NTL-1327,Hauwa Adesanya,Abuja,Standard,6-Month,USSD,MiFi,17,4622.87,66924.91,2,38.04,0,0,0
NTL-1328,Chidi Abubakar,Delta,Standard,Month-to-Month,Card,Tablet,39,4924.86,163467.06,1,20.88,1,0,0
NTL-1329,Ifeanyi Musa,Rivers,Standard,Month-to-Month,Card,Feature Phone,34,7058.15,236735.77,4,34.39,0,1,0
NTL-1330,Zainab Lawal,Abuja,Basic,Month-to-Month,USSD,Smartphone,41,2910.69,109542.42,3,24.85,0,0,1
NTL-1331,Chidi Aliyu,Abuja,Standard,6-Month,Manual Transfer,MiFi,47,4032.82,163675.58,0,11.25,1,2,0
NTL-1332,Blessing Okonkwo,Lagos,Standard,Month-to-Month,Manual Transfer,Smartphone,18,7102.61,110038.88,2,10.01,2,2,1
NTL-1333,Ngozi Adesanya,Enugu,Standard,Month-to-Month,Auto-Debit,Feature Phone,30,6941.29,179937.82,3,10.82,0,4,1
NTL-1334,Fatima Bello,Abuja,Standard,6-Month,USSD,Feature Phone,24,7550.08,177496.1,1,6.09,1,0,0
NTL-1335,Uche Onyeka,Abuja,Standard,Month-to-Month,Auto-Debit,Smartphone,38,7133.9,249751.01,2,18.88,0,0,0
NTL-1336,Yetunde Adebayo,Lagos,Basic,6-Month,Manual Transfer,Smartphone,9,2975.69,24036.43,2,32.41,0,3,0
NTL-1337,Chidi Musa,Kaduna,Premium,Month-to-Month,USSD,Smartphone,32,12946.38,386880.8,2,24.76,1,1,0
NTL-1338,Dele Nwosu,Kano,Basic,12-Month,Manual Transfer,MiFi,19,3638.84,64384.1,2,38.91,1,1,0
NTL-1339,Yetunde Obi,Rivers,Standard,12-Month,Auto-Debit,MiFi,13,6096.28,73278.63,2,30.85,0,1,0
NTL-1340,Ngozi Olawale,Abuja,Basic,Month-to-Month,Manual Transfer,Smartphone,13,2214.11,25293.22,0,32.27,0,0,1
NTL-1341,Obinna Nwosu,Lagos,Standard,Month-to-Month,Auto-Debit,Smartphone,60,7684.14,437240.97,5,41.69,1,1,0
NTL-1342,Hauwa Adeleke,Kaduna,Premium,Month-to-Month,USSD,Smartphone,47,8492.72,357480.05,5,48.05,0,1,1
NTL-1343,Ifeanyi Lawal,Rivers,Premium,12-Month,Manual Transfer,Feature Phone,36,13244.36,434971.23,0,32.11,0,0,0
NTL-1344,Ngozi Aliyu,Kano,Premium,6-Month,USSD,Feature Phone,35,14989.04,480785.66,1,16.1,4,0,0
NTL-1345,Zainab Adeleke,Kaduna,Premium,Month-to-Month,Manual Transfer,MiFi,50,11851.67,569879.7,1,22.89,4,0,0
NTL-1346,Aisha Salisu,Lagos,Premium,Month-to-Month,USSD,Smartphone,20,14890.76,262739.54,1,38.69,3,2,1
NTL-1347,Babatunde Danjuma,Kano,Basic,Month-to-Month,Card,Tablet,10,2276.82,20606.64,2,12.03,2,0,1
NTL-1348,Obinna Lawal,Abuja,Premium,6-Month,Card,Feature Phone,32,13779.94,420426.75,2,45.43,1,0,0
NTL-1349,Ifeanyi Adeyemi,Lagos,Standard,6-Month,Card,MiFi,60,7471.32,439523.4,1,32.81,1,0,0
NTL-1350,Amina Ibrahim,Lagos,Standard,12-Month,Manual Transfer,Tablet,33,6791.07,195639.37,3,49.87,4,2,1
NTL-1351,Babatunde Adeyemi,Rivers,Standard,6-Month,Card,Feature Phone,9,5344.67,44320.16,3,27.63,0,0,0
NTL-1352,Emeka Eze,Delta,Premium,Month-to-Month,Card,MiFi,42,11999.31,470797.2,8,26.45,0,0,0
NTL-1353,Segun Onyeka,Abuja,Basic,12-Month,Card,MiFi,24,2696.62,58124.72,2,1.7,0,5,1
NTL-1354,Dele Salisu,Kano,Standard,Month-to-Month,Manual Transfer,Feature Phone,44,5495.28,233005.6,4,6.06,0,4,1
NTL-1355,Aisha Okeke,Kaduna,Premium,Month-to-Month,USSD,MiFi,31,8159.24,222925.89,2,10.59,1,0,0
NTL-1356,Yetunde Eze,Lagos,Standard,12-Month,Auto-Debit,Tablet,11,4240.44,41052.33,3,13.93,1,4,0
NTL-1357,Ifeanyi Nwosu,Kaduna,Basic,Month-to-Month,USSD,MiFi,15,3959.59,55015.4,3,45.24,1,1,0
NTL-1358,Fatima Lawal,Delta,Premium,12-Month,Auto-Debit,Smartphone,16,14455.89,207179.3,2,37.35,0,1,0
NTL-1359,Aisha Adesanya,Oyo,Basic,12-Month,USSD,MiFi,57,3999.9,227664.67,5,47.48,0,0,0
NTL-1360,Emeka Adeyemi,Enugu,Premium,12-Month,Manual Transfer,MiFi,16,12010.29,175632.67,1,30.47,1,0,0
NTL-1361,Obinna Danjuma,Rivers,Basic,6-Month,Manual Transfer,MiFi,59,3951.55,203246.39,5,45.9,0,1,0
NTL-1362,Fatima Adebayo,Kano,Premium,Month-to-Month,USSD,MiFi,27,10123.44,262902.9,4,32.02,2,0,1
NTL-1363,Ngozi Eze,Kano,Basic,12-Month,USSD,Feature Phone,39,2464.37,91603.49,1,34.56,1,1,0
NTL-1364,Chioma Obi,Kano,Standard,6-Month,Card,Feature Phone,11,4773.04,44881.75,3,1.24,0,0,0
NTL-1365,Biodun Adeyemi,Kano,Standard,12-Month,Card,Tablet,56,5830.18,289602.44,1,2.57,2,0,0
NTL-1366,Ifeanyi Salisu,Lagos,Premium,Month-to-Month,Card,MiFi,53,14144.37,735908.24,1,27.12,4,0,1
NTL-1367,Babatunde Bello,Rivers,Standard,6-Month,Card,Tablet,50,7310.48,335990.42,1,30.85,0,1,0
NTL-1368,Dele Okonkwo,Abuja,Premium,12-Month,Auto-Debit,Feature Phone,50,12098.13,595318.25,2,19.96,0,0,0
NTL-1369,Obinna Lawal,Delta,Basic,6-Month,USSD,Feature Phone,46,3466.52,137722.13,3,31.89,0,1,0
NTL-1370,Yetunde Aliyu,Enugu,Premium,6-Month,Auto-Debit,Feature Phone,59,10346.35,598650.7,4,8.53,0,2,0
NTL-1371,Zainab Ibrahim,Oyo,Premium,6-Month,USSD,Feature Phone,8,14289.79,113639.85,0,38.39,0,0,0
NTL-1372,Hauwa Okeke,Delta,Basic,Month-to-Month,Card,MiFi,27,2883.75,73203.78,0,44.17,0,1,0
NTL-1373,Amina Aliyu,Kano,Basic,12-Month,USSD,Smartphone,10,3707.66,35224.6,4,15.27,3,0,1
NTL-1374,Fatima Aliyu,Oyo,Premium,12-Month,Manual Transfer,MiFi,48,12052.76,572586.31,0,15.32,0,0,0
NTL-1375,Zainab Danjuma,Abuja,Standard,6-Month,Manual Transfer,Smartphone,45,7437.63,301016.93,1,10.89,0,0,0
NTL-1376,Babatunde Adeyemi,Delta,Premium,12-Month,USSD,MiFi,39,13934.59,483098.46,2,31.35,3,1,0
NTL-1377,Babatunde Abubakar,Delta,Basic,12-Month,Manual Transfer,Tablet,13,2003.16,22228.61,2,6.34,2,2,1
NTL-1378,Zainab Bello,Kaduna,Standard,12-Month,Manual Transfer,Smartphone,41,4804.75,175767.38,3,15.73,1,0,0
NTL-1379,Ngozi Adebayo,Kaduna,Standard,12-Month,Auto-Debit,Feature Phone,13,5322.06,62315.88,3,45.85,2,1,0
NTL-1380,Emeka Okonkwo,Kaduna,Standard,6-Month,Auto-Debit,Tablet,37,6899.86,229082.53,2,10.81,1,2,0
NTL-1381,Tunde Eze,Oyo,Basic,6-Month,Card,Feature Phone,37,3211.38,104337.59,0,39.23,0,2,0
NTL-1382,Uche Adeleke,Abuja,Standard,Month-to-Month,USSD,MiFi,54,7802.91,371814.38,1,6.06,2,2,0
NTL-1383,Dele Olawale,Lagos,Standard,12-Month,Manual Transfer,Feature Phone,22,7694.55,162486.24,2,38.89,0,3,0
NTL-1384,Emeka Lawal,Lagos,Standard,6-Month,Auto-Debit,Smartphone,20,7729.35,147330.35,2,4.81,1,0,0
NTL-1385,Aisha Okeke,Oyo,Premium,Month-to-Month,USSD,Feature Phone,13,10005.97,120951.54,3,33.72,0,0,0
NTL-1386,Chidi Salisu,Abuja,Basic,12-Month,USSD,Tablet,18,2283.11,39273.5,1,12.62,0,1,0
NTL-1387,Hauwa Okonkwo,Lagos,Basic,Month-to-Month,Card,Smartphone,7,2767.2,16715.07,1,35.38,3,1,1
NTL-1388,Yetunde Obi,Oyo,Standard,Month-to-Month,Auto-Debit,MiFi,37,4527.18,162803.38,5,23.68,1,1,0
NTL-1389,Chioma Adesanya,Rivers,Basic,12-Month,USSD,Tablet,26,2366.71,60770.8,1,43.11,0,0,0
NTL-1390,Chioma Okafor,Kaduna,Standard,6-Month,Manual Transfer,Tablet,50,5394.46,252515.14,2,20.58,2,0,1
NTL-1391,Tunde Ibrahim,Delta,Standard,12-Month,Card,Feature Phone,40,4974.76,173888.37,2,3.77,0,1,0
NTL-1392,Zainab Onyeka,Kaduna,Premium,12-Month,Manual Transfer,Feature Phone,43,12687.24,524223.02,3,41.92,0,1,0
NTL-1393,Hauwa Okafor,Delta,Basic,6-Month,Card,Smartphone,39,2217.49,84070.12,3,19.26,1,1,0
NTL-1394,Biodun Eze,Lagos,Basic,12-Month,Manual Transfer,MiFi,35,2583.01,85192.2,1,10.68,3,0,1
NTL-1395,Zainab Obi,Abuja,Premium,Month-to-Month,Card,Feature Phone,55,10059.29,500913.3,2,3.13,2,2,1
NTL-1396,Ngozi Ibrahim,Lagos,Basic,6-Month,Card,Tablet,46,2765.58,115415.39,2,33.29,1,0,0
NTL-1397,Blessing Adeleke,Kano,Standard,12-Month,Manual Transfer,Feature Phone,1,4286.98,3654.03,3,24.59,1,5,0
NTL-1398,Emeka Adeleke,Delta,Premium,12-Month,Card,Feature Phone,30,11565.9,323662.75,2,18.09,0,1,0
NTL-1399,Chioma Adesanya,Oyo,Standard,12-Month,USSD,Smartphone,3,6272.6,17984.78,0,24.34,1,0,0
NTL-1400,Uche Okonkwo,Abuja,Premium,12-Month,Auto-Debit,Feature Phone,31,12414.64,365442.02,3,34.36,1,1,0
NTL-1401,Amina Adebayo,Lagos,Standard,6-Month,Card,Tablet,27,5411.66,145627.39,1,8.79,1,1,0
NTL-1402,Obinna Nwosu,Lagos,Premium,6-Month,Manual Transfer,Smartphone,43,14932.55,623693.46,2,14.7,0,1,0
NTL-1403,Uche Eze,Oyo,Standard,6-Month,Auto-Debit,Smartphone,39,4698.46,172019.34,0,22.61,2,0,0
NTL-1404,Chioma Aliyu,Lagos,Standard,Month-to-Month,Manual Transfer,Feature Phone,54,5983.79,322813.76,3,12.28,1,1,0
NTL-1405,Obinna Obi,Lagos,Premium,6-Month,Auto-Debit,Smartphone,11,11248.1,114008.3,2,47.44,3,0,0
NTL-1406,Chioma Nwosu,Kano,Premium,6-Month,Auto-Debit,Tablet,60,13581.16,739331.69,1,26.75,4,0,0
NTL-1407,Blessing Adeleke,Oyo,Standard,6-Month,USSD,Smartphone,17,6617.37,102221.44,3,37.58,2,1,0
NTL-1408,Babatunde Adebayo,Kano,Standard,12-Month,Auto-Debit,Smartphone,54,4271.81,210305.97,2,34.43,0,1,0
NTL-1409,Biodun Bello,Lagos,Premium,Month-to-Month,Auto-Debit,Feature Phone,39,12466.58,464906.69,0,42.89,0,1,0
NTL-1410,Fatima Okafor,Kano,Standard,6-Month,Card,Smartphone,41,5813.78,238195.05,3,34.76,1,2,0
NTL-1411,Fatima Adeyemi,Oyo,Basic,6-Month,Card,Tablet,4,2516.48,9783.27,0,3.94,4,0,1
NTL-1412,Fatima Abubakar,Abuja,Basic,12-Month,Card,Feature Phone,40,3286.68,129743.85,3,5.61,0,1,0
NTL-1413,Dele Okeke,Delta,Basic,12-Month,Auto-Debit,Smartphone,43,2780.97,104363.88,1,19.87,0,1,0
NTL-1414,Chioma Adeleke,Enugu,Premium,Month-to-Month,Manual Transfer,Smartphone,25,14679.09,356957.49,2,28.58,3,0,1
NTL-1415,Ifeanyi Bello,Abuja,Standard,12-Month,USSD,Smartphone,54,5838.56,304239.86,2,9.24,0,0,0
NTL-1416,Aisha Musa,Abuja,Premium,12-Month,USSD,MiFi,6,14196.5,77998.2,0,2.27,0,5,0
NTL-1417,Chioma Musa,Abuja,Premium,12-Month,USSD,MiFi,35,14754.68,501833.74,6,1.31,0,0,0
NTL-1418,Ifeanyi Okafor,Rivers,Premium,12-Month,Card,Feature Phone,48,12055.42,572134.25,0,7.51,1,0,0
NTL-1419,Amina Adesanya,Kano,Basic,Month-to-Month,Auto-Debit,Tablet,53,3587.39,174622.19,0,29.76,2,0,1
NTL-1420,Yetunde Salisu,Rivers,Basic,Month-to-Month,Card,Tablet,52,3671.79,183427.36,1,6.48,1,1,0
NTL-1421,Biodun Bello,Kano,Standard,Month-to-Month,Auto-Debit,Tablet,10,7030.2,61528.85,1,8.67,0,1,0
NTL-1422,Ngozi Salisu,Enugu,Basic,Month-to-Month,Card,Smartphone,1,2014.45,1992.13,3,29.89,0,1,1
NTL-1423,Emeka Lawal,Kano,Premium,6-Month,Card,MiFi,16,14566.63,219450.52,0,9.41,1,4,0
NTL-1424,Blessing Adeleke,Lagos,Premium,Month-to-Month,Manual Transfer,Smartphone,34,14837.54,475639.55,4,49.35,1,0,0
NTL-1425,Uche Bello,Rivers,Basic,Month-to-Month,Card,MiFi,12,2319.52,27511.39,0,18.53,0,0,1
NTL-1426,Dele Bello,Abuja,Premium,Month-to-Month,Manual Transfer,Feature Phone,51,8203.46,387933.53,0,12.15,1,1,0
NTL-1427,Biodun Adebayo,Rivers,Basic,6-Month,Manual Transfer,Smartphone,16,3475.5,54522.7,1,11.42,1,0,0
NTL-1428,Emeka Lawal,Delta,Basic,6-Month,USSD,Feature Phone,30,3439.64,97493.48,6,10.51,0,1,0
NTL-1429,Uche Eze,Abuja,Standard,6-Month,Card,Feature Phone,49,5374.3,258853.73,2,39.58,1,1,0
NTL-1430,Obinna Danjuma,Rivers,Basic,6-Month,Card,Feature Phone,38,2946.98,102960.85,0,21.69,3,0,0
NTL-1431,Obinna Adesanya,Kano,Premium,Month-to-Month,Card,Smartphone,3,14938.91,43025.02,2,21.57,0,2,0
NTL-1432,Dele Abubakar,Rivers,Basic,12-Month,Auto-Debit,MiFi,14,2265.42,28365.69,2,4.99,1,0,0
NTL-1433,Obinna Onyeka,Lagos,Standard,6-Month,Manual Transfer,MiFi,12,7159.43,77799.78,2,31.85,3,0,0
NTL-1434,Babatunde Bello,Oyo,Standard,6-Month,Manual Transfer,Smartphone,40,7523.39,289007.75,0,47.29,1,3,0
NTL-1435,Ifeanyi Obi,Delta,Premium,Month-to-Month,USSD,Tablet,12,12537.21,143786.41,2,38.79,0,0,0
NTL-1436,Ngozi Abubakar,Rivers,Premium,Month-to-Month,USSD,Tablet,58,9871.5,545084.22,1,3.64,0,0,0
NTL-1437,Ngozi Abubakar,Oyo,Standard,12-Month,USSD,Smartphone,13,7567.61,90378.87,0,44.95,0,4,0
NTL-1438,Fatima Nwosu,Abuja,Premium,Month-to-Month,Card,Feature Phone,56,9429.79,524274.45,0,21.12,1,3,0
NTL-1439,Blessing Adeleke,Delta,Premium,12-Month,Auto-Debit,Tablet,13,8440.65,107618.27,1,47.4,1,0,0
NTL-1440,Segun Abubakar,Delta,Standard,6-Month,Manual Transfer,Tablet,11,7157.07,69596.71,1,14.76,2,0,0
NTL-1441,Dele Aliyu,Kano,Premium,12-Month,USSD,Feature Phone,12,13875.32,158832.82,3,8.1,0,0,0
NTL-1442,Obinna Eze,Delta,Standard,6-Month,Manual Transfer,Feature Phone,36,6828.54,233495.01,6,7.82,1,4,1
NTL-1443,Aisha Okafor,Lagos,Standard,6-Month,Manual Transfer,MiFi,60,5280.87,269528.47,3,48.79,0,1,0
NTL-1444,Aisha Onyeka,Kano,Premium,12-Month,Card,Tablet,45,8786.21,364479.43,0,34.06,0,0,0
NTL-1445,Kemi Okonkwo,Kaduna,Basic,6-Month,Auto-Debit,Feature Phone,38,3052.87,112203.09,3,10.19,0,2,0
NTL-1446,Babatunde Musa,Rivers,Standard,6-Month,Auto-Debit,Tablet,26,4591.78,116768.21,1,18.96,0,0,0
NTL-1447,Hauwa Adeyemi,Rivers,Premium,6-Month,Card,MiFi,19,9146.53,166693.7,4,36.57,1,2,0
NTL-1448,Tunde Eze,Rivers,Standard,6-Month,USSD,Smartphone,60,7840.38,453213.37,0,20.77,3,0,0
NTL-1449,Dele Onyeka,Kano,Basic,Month-to-Month,Card,Tablet,36,2981.17,104469.49,1,29.47,1,1,0
NTL-1450,Chidi Okeke,Kano,Standard,6-Month,Card,Smartphone,42,6663.65,249969.78,0,45.39,1,0,0
NTL-1451,Chioma Adeyemi,Kaduna,Premium,6-Month,Card,Tablet,41,12801.39,522830.42,4,18.97,2,0,0
NTL-1452,Fatima Onyeka,Lagos,Basic,6-Month,Card,Feature Phone,23,2326.62,47674.1,1,45.65,0,0,0
NTL-1453,Tunde Olawale,Rivers,Premium,Month-to-Month,Auto-Debit,Feature Phone,35,10258.25,322212.71,4,40.09,0,1,0
NTL-1454,Ngozi Danjuma,Kaduna,Basic,Month-to-Month,Manual Transfer,Tablet,24,3557.62,77852.04,5,8.57,0,1,1
NTL-1455,Hauwa Salisu,Abuja,Standard,6-Month,Auto-Debit,Smartphone,53,4524.93,204473.29,1,34.71,0,0,0
NTL-1456,Babatunde Adebayo,Kano,Premium,6-Month,Auto-Debit,Smartphone,15,8901.0,127391.55,3,15.72,0,5,0
NTL-1457,Ngozi Adeyemi,Lagos,Standard,6-Month,Auto-Debit,Feature Phone,7,4131.17,27442.45,2,23.72,3,0,0
NTL-1458,Chidi Okafor,Abuja,Premium,Month-to-Month,Manual Transfer,Feature Phone,43,10460.74,388465.09,4,47.12,3,0,1
NTL-1459,Babatunde Salisu,Rivers,Premium,12-Month,Auto-Debit,Smartphone,53,12046.94,544053.97,1,9.98,0,3,0
NTL-1460,Chidi Okafor,Rivers,Premium,12-Month,Card,Tablet,45,12125.66,499792.35,6,9.45,0,0,0
NTL-1461,Babatunde Adesanya,Enugu,Basic,6-Month,Auto-Debit,MiFi,8,3039.46,22476.74,1,14.77,2,0,0
NTL-1462,Ngozi Musa,Oyo,Standard,12-Month,USSD,MiFi,15,6215.66,83313.62,4,9.84,0,2,0
NTL-1463,Blessing Aliyu,Lagos,Premium,6-Month,Auto-Debit,MiFi,29,11658.64,321695.18,0,20.04,1,4,0
NTL-1464,Tunde Obi,Rivers,Standard,Month-to-Month,Card,Smartphone,15,7352.44,105740.59,1,35.82,1,0,0
NTL-1465,Blessing Abubakar,Enugu,Standard,12-Month,USSD,Feature Phone,50,5818.54,252620.21,2,11.93,3,0,0
NTL-1466,Tunde Abubakar,Lagos,Basic,6-Month,USSD,Feature Phone,20,3243.93,56084.31,0,37.7,2,2,0
NTL-1467,Aisha Abubakar,Delta,Premium,6-Month,USSD,Smartphone,49,8221.19,368420.19,5,19.49,0,0,0
NTL-1468,Amina Bello,Kano,Premium,12-Month,USSD,Feature Phone,32,11014.77,316121.77,1,38.32,1,0,0
NTL-1469,Hauwa Onyeka,Delta,Standard,12-Month,Manual Transfer,Smartphone,26,5053.56,123332.52,1,33.99,2,0,0
NTL-1470,Chidi Onyeka,Lagos,Basic,6-Month,USSD,Smartphone,49,3782.69,167036.92,0,17.58,0,0,0
NTL-1471,Kemi Adesanya,Oyo,Premium,Month-to-Month,Auto-Debit,Tablet,8,10363.16,70714.62,1,23.32,3,1,1
NTL-1472,Uche Okeke,Delta,Premium,Month-to-Month,USSD,MiFi,37,10732.11,371627.1,4,5.45,1,0,1
NTL-1473,Segun Aliyu,Oyo,Standard,6-Month,Manual Transfer,MiFi,41,7389.34,293290.07,4,27.02,0,0,0
NTL-1474,Ifeanyi Adesanya,Abuja,Premium,12-Month,Auto-Debit,Tablet,18,8470.89,147928.86,2,10.88,2,1,0
NTL-1475,Babatunde Ibrahim,Enugu,Premium,12-Month,USSD,Feature Phone,27,10816.11,275606.42,2,38.29,0,0,0
NTL-1476,Fatima Onyeka,Delta,Basic,12-Month,Card,Tablet,60,3275.85,190917.85,4,45.39,3,1,0
NTL-1477,Babatunde Lawal,Kaduna,Standard,Month-to-Month,Manual Transfer,Feature Phone,48,6741.23,289616.62,1,16.27,2,0,1
NTL-1478,Zainab Nwosu,Oyo,Premium,Month-to-Month,USSD,Feature Phone,26,9669.38,219348.46,0,39.95,0,0,0
NTL-1479,Zainab Bello,Rivers,Basic,6-Month,Manual Transfer,Smartphone,17,3579.34,54256.78,2,32.39,0,1,0
NTL-1480,Amina Adeyemi,Kaduna,Premium,6-Month,Auto-Debit,MiFi,58,10544.04,580129.35,0,47.19,2,0,0
NTL-1481,Obinna Olawale,Abuja,Premium,12-Month,USSD,MiFi,57,8631.74,462475.44,3,16.01,2,1,0
NTL-1482,Zainab Lawal,Kano,Basic,Month-to-Month,Manual Transfer,Tablet,29,2816.75,80005.88,0,26.91,1,0,1
NTL-1483,Zainab Abubakar,Rivers,Standard,Month-to-Month,USSD,MiFi,46,5470.96,225547.89,2,45.31,0,1,0
NTL-1484,Kemi Nwosu,Enugu,Standard,12-Month,USSD,Smartphone,35,7467.81,255792.26,1,45.53,0,4,0
NTL-1485,Aisha Adeyemi,Rivers,Standard,Month-to-Month,Manual Transfer,MiFi,41,5268.74,209934.65,2,39.57,0,0,0
NTL-1486,Chioma Adeleke,Kaduna,Premium,6-Month,Auto-Debit,Feature Phone,45,9826.79,380276.91,1,36.6,1,0,0
NTL-1487,Amina Aliyu,Delta,Premium,Month-to-Month,Auto-Debit,MiFi,13,12398.07,144583.29,0,8.31,1,4,0
NTL-1488,Yetunde Adeleke,Kaduna,Standard,6-Month,Manual Transfer,Tablet,12,6749.87,78893.72,3,10.33,1,0,0
NTL-1489,Obinna Adesanya,Lagos,Basic,12-Month,Manual Transfer,Smartphone,30,2396.53,68674.19,0,20.35,1,0,0
NTL-1490,Blessing Aliyu,Abuja,Basic,12-Month,Card,MiFi,53,3347.22,153945.92,3,9.93,3,2,1
NTL-1491,Chioma Musa,Kano,Standard,Month-to-Month,Manual Transfer,Tablet,47,6708.75,287800.23,1,7.72,0,0,1
NTL-1492,Dele Adesanya,Kaduna,Premium,12-Month,Card,Smartphone,1,11282.17,11064.61,6,20.18,0,0,0
NTL-1493,Yetunde Nwosu,Abuja,Basic,12-Month,Auto-Debit,Smartphone,22,3862.13,78223.88,1,30.52,1,2,0
NTL-1494,Chidi Nwosu,Enugu,Standard,6-Month,USSD,Feature Phone,58,6238.24,339049.82,1,25.44,3,3,0
NTL-1495,Tunde Adebayo,Enugu,Basic,6-Month,Auto-Debit,Tablet,3,3957.03,10979.35,6,14.41,0,0,0
NTL-1496,Yetunde Nwosu,Kaduna,Standard,Month-to-Month,USSD,MiFi,49,7800.2,356735.98,5,32.01,1,0,0
NTL-1497,Kemi Aliyu,Lagos,Standard,6-Month,Manual Transfer,MiFi,28,4464.1,123029.42,2,22.36,4,1,0
NTL-1498,Chioma Okafor,Kano,Basic,6-Month,Auto-Debit,Feature Phone,56,2568.23,140260.31,3,41.22,1,1,0
NTL-1499,Obinna Okeke,Kano,Standard,Month-to-Month,Manual Transfer,MiFi,44,4377.22,173202.84,1,49.08,0,0,0
NTL-1500,Segun Eze,Lagos,Basic,6-Month,Card,MiFi,41,3910.4,150567.43,0,48.5,1,4,0
NTL-1501,Obinna Eze,Rivers,Basic,12-Month,USSD,Tablet,52,2111.07,94473.86,6,19.38,0,0,0
NTL-1502,Tunde Okeke,Rivers,Basic,6-Month,Card,Tablet,42,3505.12,139576.0,0,24.8,1,2,0
NTL-1503,Yetunde Eze,Kaduna,Premium,Month-to-Month,USSD,Feature Phone,32,11118.1,323123.45,1,30.22,0,0,0
NTL-1504,Yetunde Aliyu,Enugu,Premium,6-Month,Auto-Debit,Smartphone,33,10392.21,315345.88,1,34.47,0,0,0
NTL-1505,Tunde Ibrahim,Delta,Standard,Month-to-Month,Card,Tablet,10,7936.74,75609.12,1,12.81,1,1,0
NTL-1506,Tunde Bello,Abuja,Premium,6-Month,Card,Smartphone,30,12625.99,354261.95,1,13.12,0,1,0
NTL-1507,Dele Aliyu,Kano,Standard,Month-to-Month,Auto-Debit,MiFi,57,6817.51,348608.2,3,37.99,1,2,1
NTL-1508,Fatima Lawal,Kano,Basic,12-Month,USSD,Smartphone,28,3068.75,73111.61,0,9.0,1,1,0
NTL-1509,Chioma Ibrahim,Kaduna,Premium,12-Month,Card,Tablet,6,8875.63,45376.55,0,1.29,4,2,0
NTL-1510,Chioma Eze,Rivers,Standard,12-Month,Manual Transfer,Smartphone,20,7078.88,123487.5,1,6.26,3,1,0
NTL-1511,Chioma Abubakar,Lagos,Standard,12-Month,Manual Transfer,Feature Phone,19,6277.72,116303.8,0,0.89,1,1,0
NTL-1512,Chioma Onyeka,Oyo,Basic,6-Month,Card,MiFi,33,3182.08,98889.19,3,40.93,1,1,0
NTL-1513,Chidi Adeleke,Kaduna,Premium,Month-to-Month,USSD,MiFi,57,11313.37,595993.36,5,17.66,1,0,0
NTL-1514,Biodun Abubakar,Kaduna,Standard,Month-to-Month,Manual Transfer,Tablet,59,6408.4,369161.23,3,6.99,0,1,1
NTL-1515,Blessing Abubakar,Kano,Premium,Month-to-Month,USSD,Smartphone,43,11380.23,428667.4,0,24.86,2,4,1
NTL-1516,Aisha Adesanya,Rivers,Premium,Month-to-Month,Auto-Debit,Tablet,57,9825.66,532921.53,0,43.04,1,2,0
NTL-1517,Zainab Okafor,Rivers,Basic,12-Month,Manual Transfer,MiFi,17,3987.33,65597.4,3,38.62,1,3,1
NTL-1518,Yetunde Okafor,Lagos,Standard,6-Month,Auto-Debit,Smartphone,51,6442.29,317820.68,5,41.27,0,0,0
NTL-1519,Biodun Obi,Kano,Premium,6-Month,Card,MiFi,47,14093.45,578363.97,1,41.05,0,0,0
NTL-1520,Chidi Adesanya,Delta,Standard,6-Month,Manual Transfer,Smartphone,18,5489.75,95181.74,1,33.42,0,2,0
NTL-1521,Kemi Eze,Enugu,Standard,6-Month,Card,Tablet,2,5770.31,11142.73,3,26.11,0,0,0
NTL-1522,Fatima Adeleke,Lagos,Standard,Month-to-Month,Manual Transfer,Smartphone,41,7920.19,314940.69,4,48.65,1,3,1
NTL-1523,Aisha Adebayo,Kaduna,Basic,6-Month,Manual Transfer,MiFi,29,3287.76,93737.23,2,31.1,1,0,0
NTL-1524,Biodun Ibrahim,Abuja,Basic,12-Month,USSD,MiFi,47,3437.76,158663.36,2,27.27,0,1,0
NTL-1525,Babatunde Adebayo,Kano,Basic,Month-to-Month,USSD,Feature Phone,54,3548.32,183748.78,7,5.97,0,0,1
NTL-1526,Blessing Okafor,Lagos,Premium,Month-to-Month,Card,Tablet,37,13158.01,446911.37,7,40.37,4,1,1
NTL-1527,Yetunde Adesanya,Kaduna,Standard,6-Month,Manual Transfer,MiFi,34,6950.05,204586.24,2,10.03,2,0,0
NTL-1528,Zainab Adeleke,Abuja,Basic,Month-to-Month,Card,Feature Phone,31,2429.57,64901.2,3,20.44,1,2,1
NTL-1529,Obinna Abubakar,Enugu,Standard,12-Month,Card,MiFi,53,4651.37,228247.37,2,23.16,4,1,0
NTL-1530,Ngozi Lawal,Delta,Standard,Month-to-Month,Manual Transfer,Tablet,59,7807.29,433102.87,1,6.48,1,0,0
NTL-1531,Ngozi Obi,Oyo,Standard,6-Month,USSD,MiFi,2,7164.81,12485.7,2,2.91,3,3,0
NTL-1532,Fatima Abubakar,Lagos,Basic,12-Month,USSD,Smartphone,56,2089.36,107898.48,1,22.89,0,0,0
NTL-1533,Emeka Eze,Delta,Standard,12-Month,Card,Feature Phone,56,6911.46,334170.79,2,31.37,0,3,0
NTL-1534,Hauwa Bello,Delta,Premium,6-Month,Auto-Debit,Feature Phone,46,8173.63,355125.86,3,15.79,1,1,0
NTL-1535,Biodun Salisu,Lagos,Premium,12-Month,Manual Transfer,MiFi,33,14278.05,409000.48,5,9.4,0,2,0
NTL-1536,Obinna Okonkwo,Abuja,Premium,12-Month,USSD,MiFi,38,8314.89,309424.11,0,22.13,1,2,0
NTL-1537,Ifeanyi Nwosu,Abuja,Basic,Month-to-Month,Manual Transfer,Tablet,10,2365.34,22831.34,0,47.63,1,0,1
NTL-1538,Fatima Okeke,Lagos,Standard,6-Month,Auto-Debit,Tablet,10,5651.29,50784.34,1,41.47,0,0,0
NTL-1539,Obinna Adesanya,Delta,Premium,12-Month,Card,Smartphone,18,8424.42,139466.47,1,24.47,1,0,0
NTL-1540,Uche Danjuma,Abuja,Basic,12-Month,Manual Transfer,Tablet,37,2813.49,89794.48,2,10.57,4,0,0
NTL-1541,Kemi Danjuma,Enugu,Premium,6-Month,Auto-Debit,Smartphone,53,11252.56,581121.65,1,48.62,0,3,0
NTL-1542,Uche Salisu,Oyo,Premium,6-Month,USSD,Feature Phone,38,13884.79,470742.62,0,26.94,0,0,0
NTL-1543,Emeka Danjuma,Oyo,Standard,Month-to-Month,USSD,Tablet,41,5045.44,199189.27,2,12.67,4,0,1
NTL-1544,Yetunde Adebayo,Lagos,Premium,Month-to-Month,Auto-Debit,MiFi,1,14310.11,13607.57,1,44.82,2,2,1
NTL-1545,Tunde Adeyemi,Lagos,Premium,6-Month,Auto-Debit,Tablet,53,10634.64,529928.59,1,42.04,2,5,0
NTL-1546,Dele Obi,Rivers,Standard,Month-to-Month,Manual Transfer,Smartphone,49,5124.54,248141.91,1,4.95,1,0,0
NTL-1547,Kemi Abubakar,Kaduna,Basic,6-Month,Card,Feature Phone,1,2392.17,2327.98,1,43.56,1,0,0
NTL-1548,Biodun Onyeka,Kano,Basic,12-Month,Manual Transfer,Smartphone,9,2519.25,21210.5,1,26.39,2,0,0
NTL-1549,Hauwa Salisu,Oyo,Premium,12-Month,Card,Smartphone,28,12486.76,346643.84,0,46.97,1,5,0
NTL-1550,Ngozi Olawale,Delta,Standard,6-Month,Auto-Debit,Feature Phone,4,5111.73,18668.23,1,0.76,0,0,0
NTL-1551,Chidi Adesanya,Enugu,Basic,Month-to-Month,Manual Transfer,Feature Phone,22,2621.61,54439.78,0,24.26,2,1,1
NTL-1552,Uche Adesanya,Abuja,Standard,Month-to-Month,USSD,Smartphone,53,5334.35,273989.2,5,38.9,1,2,1
NTL-1553,Obinna Okafor,Abuja,Basic,Month-to-Month,Card,Tablet,57,3695.38,181095.76,0,46.0,1,0,0
NTL-1554,Tunde Okafor,Lagos,Premium,Month-to-Month,USSD,MiFi,26,8670.81,217053.41,1,30.18,1,0,0
NTL-1555,Dele Adeleke,Abuja,Standard,12-Month,Auto-Debit,MiFi,34,5312.77,158754.36,0,29.96,0,2,0
NTL-1556,Obinna Eze,Oyo,Standard,6-Month,Card,MiFi,12,4972.61,57854.56,0,15.93,1,4,0
NTL-1557,Aisha Onyeka,Kano,Basic,6-Month,USSD,Tablet,19,2737.66,44276.27,2,34.08,0,1,0
NTL-1558,Amina Adeleke,Kaduna,Basic,Month-to-Month,Manual Transfer,Smartphone,22,2378.71,48216.2,3,23.64,1,2,1
NTL-1559,Segun Salisu,Oyo,Standard,6-Month,Manual Transfer,Smartphone,30,7504.42,222111.65,2,46.04,1,1,0
NTL-1560,Yetunde Lawal,Rivers,Standard,12-Month,USSD,MiFi,14,5601.25,76371.8,0,0.99,0,1,0
NTL-1561,Aisha Okonkwo,Rivers,Premium,12-Month,USSD,Smartphone,2,9393.86,16770.2,1,13.47,0,2,0
NTL-1562,Fatima Lawal,Lagos,Basic,6-Month,Auto-Debit,Smartphone,54,3354.9,164287.02,3,5.99,3,0,0
NTL-1563,Blessing Obi,Kano,Premium,12-Month,Card,Smartphone,8,9011.03,71268.12,3,9.99,0,0,0
NTL-1564,Zainab Adesanya,Lagos,Premium,12-Month,Manual Transfer,Tablet,51,9039.97,408976.05,2,14.36,0,1,0
NTL-1565,Chioma Lawal,Abuja,Standard,12-Month,Auto-Debit,Feature Phone,33,5552.46,179999.59,3,19.03,1,0,0
NTL-1566,Babatunde Abubakar,Delta,Standard,6-Month,Card,Smartphone,14,4878.11,60129.05,4,20.1,0,3,0
NTL-1567,Fatima Obi,Oyo,Premium,Month-to-Month,Manual Transfer,Smartphone,19,11111.54,190585.01,2,23.53,1,0,0
NTL-1568,Zainab Adeleke,Kaduna,Standard,6-Month,USSD,MiFi,2,4718.26,8351.97,2,18.28,0,2,0
NTL-1569,Hauwa Adeyemi,Oyo,Basic,Month-to-Month,Auto-Debit,Smartphone,24,2076.56,43859.24,0,16.8,0,2,1
NTL-1570,Biodun Salisu,Kano,Premium,12-Month,USSD,Smartphone,50,10096.32,491360.8,3,20.49,1,1,0
NTL-1571,Chioma Olawale,Kano,Standard,Month-to-Month,Manual Transfer,Feature Phone,31,4934.89,143504.46,2,23.7,2,0,0
NTL-1572,Segun Lawal,Enugu,Premium,6-Month,Manual Transfer,MiFi,29,13970.61,346205.03,0,43.75,0,1,0
NTL-1573,Blessing Adebayo,Rivers,Standard,6-Month,Card,Tablet,21,6347.82,124657.66,0,7.39,4,5,1
NTL-1574,Yetunde Salisu,Enugu,Standard,Month-to-Month,Card,Smartphone,35,5545.74,178808.98,1,48.12,1,0,0
NTL-1575,Ngozi Danjuma,Kano,Basic,12-Month,Card,Smartphone,12,2398.0,28393.33,1,10.69,0,1,0
NTL-1576,Amina Obi,Lagos,Basic,6-Month,Card,MiFi,11,3979.19,38053.3,1,37.29,0,3,0
NTL-1577,Emeka Lawal,Oyo,Standard,12-Month,Card,Feature Phone,39,6300.37,220294.55,1,35.98,1,0,0
NTL-1578,Dele Adeyemi,Enugu,Premium,Month-to-Month,USSD,MiFi,30,11238.87,288567.89,0,32.49,3,0,0
NTL-1579,Ifeanyi Salisu,Kano,Standard,Month-to-Month,Manual Transfer,MiFi,30,5538.66,157662.72,3,5.23,1,0,0
NTL-1580,Uche Danjuma,Oyo,Premium,Month-to-Month,Manual Transfer,MiFi,27,14946.73,376492.24,8,4.29,0,2,1
NTL-1581,Zainab Okonkwo,Kano,Standard,Month-to-Month,Auto-Debit,MiFi,2,4292.78,8192.11,3,19.37,2,2,1
NTL-1582,Amina Okeke,Oyo,Basic,12-Month,Manual Transfer,Tablet,43,3497.35,138763.3,0,27.65,0,4,0
NTL-1583,Chioma Nwosu,Kano,Basic,Month-to-Month,Auto-Debit,Feature Phone,19,2248.3,41060.98,0,33.73,0,0,0
NTL-1584,Blessing Aliyu,Rivers,Premium,Month-to-Month,Manual Transfer,MiFi,45,8334.29,354497.65,2,33.3,1,0,0
NTL-1585,Dele Bello,Lagos,Basic,6-Month,Manual Transfer,Feature Phone,24,3817.51,80625.61,0,1.88,0,2,0
NTL-1586,Kemi Okafor,Kano,Premium,Month-to-Month,Auto-Debit,MiFi,33,8753.79,259719.26,2,9.88,0,1,0
NTL-1587,Ngozi Adesanya,Rivers,Basic,6-Month,USSD,Feature Phone,1,2804.28,2516.66,1,23.21,0,2,1
NTL-1588,Blessing Bello,Abuja,Basic,6-Month,USSD,MiFi,7,3425.06,23224.72,5,28.68,0,0,0
NTL-1589,Ifeanyi Eze,Kaduna,Basic,12-Month,USSD,MiFi,5,2670.21,12567.08,2,19.43,1,0,0
NTL-1590,Chidi Adesanya,Lagos,Premium,Month-to-Month,USSD,Feature Phone,48,10999.49,468067.12,0,7.31,1,0,0
NTL-1591,Biodun Bello,Rivers,Premium,12-Month,Card,Tablet,9,9946.89,84736.19,3,26.28,4,1,0
NTL-1592,Chidi Adesanya,Kaduna,Standard,Month-to-Month,Manual Transfer,Smartphone,59,7670.71,451782.8,4,34.97,0,3,1
NTL-1593,Segun Aliyu,Delta,Premium,Month-to-Month,Auto-Debit,MiFi,5,14675.63,62944.95,8,46.94,0,0,1
NTL-1594,Biodun Adesanya,Abuja,Standard,12-Month,Card,Tablet,11,6886.7,67173.74,0,12.82,0,0,0
NTL-1595,Uche Abubakar,Abuja,Standard,6-Month,Card,Feature Phone,31,5765.5,165467.6,3,38.14,2,2,0
NTL-1596,Ifeanyi Adeleke,Abuja,Standard,12-Month,Manual Transfer,Feature Phone,17,5521.8,84096.52,1,28.33,1,0,0
NTL-1597,Biodun Eze,Rivers,Basic,Month-to-Month,USSD,MiFi,26,3851.38,99238.94,6,18.97,1,1,1
NTL-1598,Tunde Adeleke,Lagos,Basic,6-Month,Manual Transfer,Feature Phone,49,2872.6,125033.22,5,36.25,1,0,0
NTL-1599,Amina Musa,Enugu,Premium,Month-to-Month,Manual Transfer,MiFi,3,14450.28,39198.36,3,1.9,1,0,1
NTL-1600,Dele Eze,Oyo,Basic,12-Month,Manual Transfer,Smartphone,8,3541.94,26824.09,5,20.18,1,3,1
NTL-1601,Biodun Adeleke,Kano,Standard,6-Month,USSD,MiFi,38,5231.92,181266.0,4,36.52,0,1,0
NTL-1602,Emeka Nwosu,Rivers,Premium,6-Month,USSD,Smartphone,11,13714.73,128268.45,0,34.97,1,1,0
NTL-1603,Fatima Aliyu,Kaduna,Basic,12-Month,Manual Transfer,Feature Phone,32,2363.97,75062.48,2,40.81,0,0,0
NTL-1604,Biodun Nwosu,Enugu,Standard,12-Month,Auto-Debit,Feature Phone,6,5172.5,28138.17,1,17.44,1,0,0
NTL-1605,Chidi Bello,Oyo,Basic,12-Month,Auto-Debit,Smartphone,14,3044.67,36278.0,2,49.35,2,3,1
NTL-1606,Segun Salisu,Enugu,Standard,6-Month,USSD,Tablet,53,4958.39,237614.1,1,30.74,4,3,0
NTL-1607,Chidi Okonkwo,Enugu,Premium,Month-to-Month,Auto-Debit,Smartphone,56,11714.41,651191.4,3,12.8,1,1,0
NTL-1608,Babatunde Adeleke,Rivers,Basic,12-Month,USSD,Smartphone,41,2720.41,95571.78,4,16.61,1,1,0
NTL-1609,Yetunde Adeyemi,Kaduna,Standard,6-Month,Auto-Debit,MiFi,19,6428.7,116867.56,4,43.87,2,1,0
NTL-1610,Emeka Abubakar,Abuja,Standard,12-Month,Card,Feature Phone,58,5785.15,291030.09,3,12.42,0,2,0
NTL-1611,Ngozi Adeleke,Lagos,Basic,6-Month,Card,Tablet,15,3438.35,48990.81,6,33.69,1,3,1
NTL-1612,Tunde Adebayo,Rivers,Premium,12-Month,Auto-Debit,Tablet,25,14371.17,345427.3,3,32.87,2,4,1
NTL-1613,Kemi Adesanya,Oyo,Basic,6-Month,Auto-Debit,Smartphone,6,2680.48,15099.09,0,47.13,1,0,0
NTL-1614,Ifeanyi Onyeka,Lagos,Standard,Month-to-Month,Manual Transfer,MiFi,28,5278.57,133722.54,3,39.93,1,1,0
NTL-1615,Ngozi Musa,Lagos,Premium,6-Month,USSD,Feature Phone,53,14600.23,754917.63,2,23.06,1,0,0
NTL-1616,Yetunde Adebayo,Oyo,Premium,12-Month,Auto-Debit,Tablet,55,12945.66,656291.01,4,25.0,2,0,0
NTL-1617,Emeka Lawal,Rivers,Premium,12-Month,Auto-Debit,Feature Phone,55,11412.53,570425.81,7,33.13,2,5,1
NTL-1618,Ifeanyi Adebayo,Enugu,Premium,6-Month,USSD,MiFi,26,8502.76,212010.73,1,46.19,2,1,0
NTL-1619,Emeka Adebayo,Lagos,Premium,6-Month,Card,Feature Phone,37,8962.93,316503.94,1,7.67,0,1,0
NTL-1620,Blessing Onyeka,Abuja,Premium,Month-to-Month,Card,MiFi,44,13891.62,604445.27,0,48.72,0,0,0
NTL-1621,Segun Onyeka,Enugu,Basic,12-Month,Card,Feature Phone,3,2237.61,6105.3,1,30.01,0,1,0
NTL-1622,Dele Musa,Oyo,Premium,12-Month,Card,Tablet,1,8840.0,7623.58,2,33.61,1,0,0
NTL-1623,Obinna Abubakar,Oyo,Premium,12-Month,Auto-Debit,Feature Phone,25,11389.34,269554.21,1,28.79,0,0,0
NTL-1624,Fatima Musa,Lagos,Standard,12-Month,Card,Smartphone,34,7348.58,232573.79,4,32.76,2,0,0
NTL-1625,Fatima Salisu,Kano,Basic,12-Month,Card,Tablet,8,2078.29,15566.59,3,4.85,0,2,0
NTL-1626,Ngozi Olawale,Oyo,Standard,12-Month,Manual Transfer,MiFi,43,4000.34,153968.57,5,26.21,2,1,1
NTL-1627,Emeka Onyeka,Delta,Premium,6-Month,USSD,Feature Phone,45,8693.06,380611.74,1,9.81,0,2,0
NTL-1628,Yetunde Danjuma,Rivers,Premium,6-Month,USSD,Feature Phone,47,12356.19,500107.35,1,19.4,3,0,0
NTL-1629,Uche Adeleke,Kano,Premium,Month-to-Month,Auto-Debit,Tablet,41,12877.62,464040.64,1,33.04,2,1,1
NTL-1630,Emeka Adebayo,Enugu,Standard,Month-to-Month,Manual Transfer,Smartphone,18,4498.48,70162.67,2,3.76,1,0,0
NTL-1631,Uche Eze,Rivers,Standard,Month-to-Month,Auto-Debit,MiFi,15,5514.53,71613.1,5,9.2,2,0,1
NTL-1632,Ngozi Olawale,Kaduna,Premium,12-Month,USSD,Tablet,39,8693.46,290627.46,1,37.72,0,2,0
NTL-1633,Hauwa Salisu,Enugu,Standard,12-Month,Manual Transfer,Tablet,1,6746.63,6456.41,3,7.56,1,0,0
NTL-1634,Kemi Salisu,Enugu,Premium,6-Month,Manual Transfer,MiFi,23,13589.28,289216.45,1,21.67,3,3,0
NTL-1635,Aisha Adeyemi,Oyo,Standard,6-Month,Auto-Debit,Smartphone,5,6919.81,34312.92,0,3.34,2,1,0
NTL-1636,Chidi Adeleke,Kano,Standard,6-Month,Auto-Debit,MiFi,1,6465.15,6378.73,3,35.85,2,1,0
NTL-1637,Babatunde Salisu,Lagos,Premium,6-Month,Manual Transfer,Feature Phone,12,8525.86,99845.8,2,47.65,1,0,0
NTL-1638,Ngozi Adebayo,Rivers,Premium,Month-to-Month,USSD,Tablet,31,10054.82,274906.39,3,28.66,0,0,1
NTL-1639,Amina Okonkwo,Delta,Basic,6-Month,Auto-Debit,MiFi,22,2596.7,49476.59,1,36.26,1,0,0
NTL-1640,Chioma Lawal,Abuja,Premium,12-Month,Manual Transfer,MiFi,8,14391.76,97983.31,3,12.88,1,0,0
NTL-1641,Zainab Aliyu,Oyo,Basic,6-Month,Card,Feature Phone,9,2707.48,22298.39,1,43.59,0,0,0
NTL-1642,Emeka Musa,Enugu,Premium,6-Month,Auto-Debit,Feature Phone,43,9392.94,372349.79,3,13.66,1,1,0
NTL-1643,Segun Musa,Enugu,Basic,Month-to-Month,Auto-Debit,Smartphone,9,2311.08,19239.74,3,12.21,1,0,1
NTL-1644,Chidi Adeleke,Delta,Standard,6-Month,Card,Smartphone,49,5715.81,264010.16,3,9.75,0,0,0
NTL-1645,Kemi Adeleke,Rivers,Standard,12-Month,Auto-Debit,Feature Phone,13,7970.21,97259.14,2,11.85,0,0,0
NTL-1646,Emeka Adeleke,Lagos,Premium,Month-to-Month,Auto-Debit,Smartphone,25,10851.08,243055.21,2,11.96,0,0,0
NTL-1647,Zainab Bello,Oyo,Basic,6-Month,USSD,Tablet,23,3423.17,69839.66,4,9.5,0,1,0
NTL-1648,Biodun Ibrahim,Delta,Standard,12-Month,Auto-Debit,MiFi,12,5009.05,55521.89,1,6.02,1,1,0
NTL-1649,Segun Obi,Kaduna,Premium,12-Month,USSD,Feature Phone,42,9931.63,391120.12,0,5.77,1,1,0
NTL-1650,Obinna Lawal,Rivers,Premium,6-Month,Auto-Debit,Smartphone,35,12333.07,386429.01,2,38.17,1,0,0
NTL-1651,Biodun Adeleke,Oyo,Premium,6-Month,USSD,MiFi,41,13021.28,526733.2,0,21.24,3,1,0
NTL-1652,Fatima Salisu,Oyo,Premium,Month-to-Month,USSD,Smartphone,37,8425.55,310458.18,0,40.82,1,1,0
NTL-1653,Tunde Aliyu,Delta,Premium,6-Month,Card,MiFi,39,9900.46,338860.95,0,11.28,1,3,0
NTL-1654,Dele Olawale,Oyo,Standard,Month-to-Month,USSD,Tablet,36,4476.41,142391.11,2,14.95,1,4,0
NTL-1655,Emeka Nwosu,Lagos,Premium,Month-to-Month,Manual Transfer,Smartphone,1,12540.52,11849.57,6,16.57,3,3,1
NTL-1656,Emeka Adeleke,Oyo,Standard,Month-to-Month,Auto-Debit,Tablet,15,6921.91,92610.32,1,1.27,1,2,1
NTL-1657,Ngozi Musa,Oyo,Premium,12-Month,Manual Transfer,MiFi,15,10269.84,135652.44,2,42.98,0,0,0
NTL-1658,Blessing Eze,Delta,Basic,6-Month,Manual Transfer,MiFi,12,3631.2,38189.33,2,47.2,0,0,0
NTL-1659,Fatima Aliyu,Enugu,Premium,12-Month,Manual Transfer,Smartphone,10,8504.34,75415.47,5,48.53,0,1,0
NTL-1660,Yetunde Okafor,Enugu,Standard,Month-to-Month,Auto-Debit,Smartphone,49,7322.07,355265.97,0,38.62,0,3,1
NTL-1661,Chidi Okeke,Abuja,Premium,12-Month,USSD,Smartphone,13,8974.61,112464.07,4,40.87,0,0,0
NTL-1662,Amina Danjuma,Oyo,Premium,12-Month,Auto-Debit,Smartphone,53,8311.68,410429.97,0,44.38,1,0,0
NTL-1663,Chidi Adesanya,Enugu,Standard,Month-to-Month,USSD,Tablet,15,7686.76,109843.33,3,35.89,3,0,0
NTL-1664,Kemi Okafor,Oyo,Standard,Month-to-Month,USSD,Smartphone,24,7693.28,182419.55,4,30.42,0,1,1
NTL-1665,Fatima Adeleke,Kano,Premium,12-Month,USSD,Tablet,23,14127.82,289412.23,2,18.77,0,3,0
NTL-1666,Chidi Eze,Kano,Standard,Month-to-Month,Card,MiFi,47,7187.4,336608.88,4,6.1,1,1,0
NTL-1667,Tunde Adebayo,Kano,Basic,6-Month,USSD,Tablet,32,2847.66,86934.56,1,39.78,0,2,0
NTL-1668,Ifeanyi Adeleke,Delta,Premium,12-Month,Card,Feature Phone,25,8585.32,205454.9,2,38.94,2,0,0
NTL-1669,Kemi Obi,Lagos,Basic,Month-to-Month,USSD,MiFi,9,3841.81,29698.84,1,42.51,3,2,1
NTL-1670,Dele Eze,Enugu,Basic,Month-to-Month,Manual Transfer,Smartphone,48,2275.6,108607.05,3,19.18,0,4,1
NTL-1671,Amina Okafor,Abuja,Standard,12-Month,Manual Transfer,Smartphone,10,5460.98,47065.4,0,28.67,2,0,0
NTL-1672,Chioma Eze,Oyo,Standard,6-Month,USSD,MiFi,51,6579.39,285881.42,0,3.47,1,1,0
NTL-1673,Babatunde Aliyu,Lagos,Standard,6-Month,Card,Tablet,59,6288.26,332387.37,1,46.61,0,0,0
NTL-1674,Emeka Lawal,Enugu,Premium,Month-to-Month,Manual Transfer,MiFi,12,13757.53,164495.72,2,4.32,1,0,0
NTL-1675,Ifeanyi Aliyu,Lagos,Standard,12-Month,Card,Feature Phone,18,4433.6,68765.5,2,42.41,0,0,0
NTL-1676,Ngozi Adeyemi,Rivers,Premium,Month-to-Month,USSD,Feature Phone,36,9412.08,335236.55,1,4.71,1,0,0
NTL-1677,Amina Bello,Kaduna,Basic,6-Month,Auto-Debit,Tablet,49,2564.8,114329.3,0,37.72,2,4,0
NTL-1678,Segun Adeleke,Abuja,Premium,Month-to-Month,Auto-Debit,MiFi,31,12104.51,366911.01,1,8.0,1,3,0
NTL-1679,Kemi Lawal,Kano,Premium,Month-to-Month,USSD,MiFi,51,8918.38,406454.62,2,47.04,0,1,0
NTL-1680,Kemi Lawal,Abuja,Basic,12-Month,Card,Smartphone,52,2029.88,101853.85,1,43.44,2,3,1
NTL-1681,Ngozi Okonkwo,Kaduna,Basic,6-Month,Manual Transfer,Smartphone,18,3153.02,51249.49,0,35.68,1,5,0
NTL-1682,Dele Eze,Abuja,Premium,6-Month,Auto-Debit,Tablet,55,10006.38,501565.04,2,34.19,1,1,0
NTL-1683,Segun Obi,Abuja,Premium,6-Month,Card,Tablet,57,14128.76,766991.75,2,32.37,2,0,0
NTL-1684,Chidi Eze,Abuja,Standard,6-Month,Manual Transfer,MiFi,55,4291.91,214393.09,2,5.13,1,1,0
NTL-1685,Ngozi Adeyemi,Kano,Premium,Month-to-Month,Card,MiFi,13,10810.64,120816.68,1,30.42,0,1,0
NTL-1686,Uche Okonkwo,Lagos,Premium,Month-to-Month,Card,Feature Phone,41,9494.29,364053.52,7,38.82,0,2,1
NTL-1687,Chioma Lawal,Lagos,Basic,Month-to-Month,Card,Tablet,17,3271.37,47968.61,0,20.55,0,1,0
NTL-1688,Babatunde Lawal,Oyo,Basic,Month-to-Month,Auto-Debit,MiFi,22,3926.73,77277.21,0,47.13,1,1,0
NTL-1689,Zainab Obi,Enugu,Basic,12-Month,Manual Transfer,Smartphone,47,3335.92,147769.29,1,49.33,3,1,1
NTL-1690,Chidi Eze,Delta,Basic,6-Month,USSD,Smartphone,51,3939.95,183045.58,2,0.68,1,2,0
NTL-1691,Dele Onyeka,Abuja,Basic,Month-to-Month,Manual Transfer,MiFi,45,3092.17,121742.39,1,17.73,4,4,1
NTL-1692,Chidi Obi,Kaduna,Basic,6-Month,USSD,Smartphone,45,2998.26,134902.44,1,17.91,2,0,0
NTL-1693,Ngozi Aliyu,Delta,Standard,6-Month,Manual Transfer,Feature Phone,35,5743.5,179463.68,3,34.17,1,1,0
NTL-1694,Tunde Okafor,Abuja,Premium,Month-to-Month,Card,Smartphone,32,13249.61,400063.54,2,31.86,1,2,0
NTL-1695,Zainab Lawal,Rivers,Standard,12-Month,Card,Smartphone,13,7425.37,95813.82,1,39.79,1,3,0
NTL-1696,Chidi Obi,Rivers,Premium,6-Month,USSD,Tablet,20,13869.39,268863.88,1,12.46,3,0,0
NTL-1697,Chidi Eze,Kaduna,Premium,12-Month,USSD,Tablet,11,14714.12,161681.22,1,48.69,0,1,0
NTL-1698,Obinna Adeleke,Kano,Premium,6-Month,Manual Transfer,MiFi,58,10226.87,518282.02,1,35.65,0,0,0
NTL-1699,Ifeanyi Nwosu,Kano,Standard,Month-to-Month,Auto-Debit,Smartphone,2,5749.68,10859.24,2,1.88,2,3,1
NTL-1700,Obinna Musa,Lagos,Premium,12-Month,Manual Transfer,MiFi,41,12420.51,460210.28,1,44.95,0,1,0
NTL-1701,Ifeanyi Nwosu,Lagos,Standard,Month-to-Month,Manual Transfer,Smartphone,41,7939.19,319009.95,0,46.4,0,0,0
NTL-1702,Fatima Adeyemi,Abuja,Standard,6-Month,Manual Transfer,MiFi,7,5964.15,35624.19,0,47.98,0,1,0
NTL-1703,Segun Okonkwo,Kano,Basic,6-Month,Auto-Debit,Feature Phone,43,3134.59,126834.68,0,48.81,4,0,1
NTL-1704,Yetunde Danjuma,Lagos,Basic,12-Month,USSD,Smartphone,13,3212.22,38852.16,2,38.17,0,0,0
NTL-1705,Chidi Adebayo,Kano,Basic,Month-to-Month,Manual Transfer,Tablet,18,2963.15,52962.51,1,27.8,0,1,1
NTL-1706,Zainab Olawale,Enugu,Basic,6-Month,Manual Transfer,Feature Phone,44,3692.07,155564.68,6,5.59,2,1,1
NTL-1707,Biodun Abubakar,Enugu,Standard,6-Month,USSD,Tablet,40,4430.24,160810.07,0,17.97,3,2,0
NTL-1708,Fatima Bello,Oyo,Premium,6-Month,USSD,Tablet,26,8209.58,187191.78,1,39.65,0,0,0
NTL-1709,Blessing Eze,Kaduna,Basic,Month-to-Month,USSD,Smartphone,46,2657.74,112451.9,3,44.99,1,0,1
NTL-1710,Biodun Olawale,Rivers,Basic,12-Month,USSD,Smartphone,37,3785.33,127909.0,3,16.23,0,0,0
NTL-1711,Chioma Bello,Oyo,Standard,Month-to-Month,Auto-Debit,MiFi,11,6405.72,66141.83,1,1.55,0,2,1
NTL-1712,Chidi Okonkwo,Oyo,Basic,6-Month,Auto-Debit,Smartphone,22,3289.55,62268.55,0,40.22,2,0,0
NTL-1713,Ifeanyi Adeyemi,Kaduna,Standard,12-Month,Auto-Debit,MiFi,20,6785.83,124613.25,4,48.37,0,0,0
NTL-1714,Ngozi Okeke,Rivers,Basic,Month-to-Month,Manual Transfer,Smartphone,21,3722.78,74944.77,1,4.86,2,2,1
NTL-1715,Chidi Bello,Oyo,Basic,Month-to-Month,Auto-Debit,Tablet,5,2527.45,12045.68,3,19.29,1,3,1
NTL-1716,Dele Okafor,Kano,Standard,Month-to-Month,Card,MiFi,43,4489.49,179368.36,2,33.23,4,0,1
NTL-1717,Kemi Adeyemi,Oyo,Standard,12-Month,Auto-Debit,Tablet,36,7342.17,234280.07,2,42.87,1,0,0
NTL-1718,Amina Lawal,Lagos,Premium,Month-to-Month,Card,MiFi,13,11413.52,133696.58,4,38.2,1,0,0
NTL-1719,Dele Eze,Abuja,Basic,Month-to-Month,USSD,MiFi,29,3735.72,100429.48,3,9.8,0,0,1
NTL-1720,Obinna Okafor,Kano,Standard,Month-to-Month,Auto-Debit,Feature Phone,2,7576.39,13304.97,0,33.26,1,0,1
NTL-1721,Tunde Obi,Enugu,Basic,Month-to-Month,Card,MiFi,33,2667.48,80650.29,1,2.93,0,3,0
NTL-1722,Aisha Lawal,Enugu,Basic,12-Month,USSD,MiFi,34,2867.13,92820.23,2,47.97,0,0,0
NTL-1723,Obinna Nwosu,Rivers,Basic,12-Month,Auto-Debit,Tablet,15,3765.2,53932.36,1,19.95,0,2,0
NTL-1724,Chioma Lawal,Kano,Basic,6-Month,USSD,Tablet,47,2006.21,82765.8,5,31.29,2,2,1
NTL-1725,Fatima Adebayo,Abuja,Basic,Month-to-Month,USSD,MiFi,10,3924.49,37278.92,1,1.53,4,3,1
NTL-1726,Chidi Salisu,Kaduna,Standard,12-Month,Auto-Debit,MiFi,56,4990.04,242110.96,4,28.58,4,2,1
NTL-1727,Babatunde Aliyu,Kano,Basic,Month-to-Month,USSD,Tablet,29,2981.32,78038.73,2,33.34,0,0,0
NTL-1728,Aisha Adebayo,Delta,Basic,6-Month,Auto-Debit,Feature Phone,27,3712.53,95116.64,0,25.14,0,1,0
NTL-1729,Blessing Lawal,Abuja,Basic,6-Month,Auto-Debit,Tablet,57,3253.78,172805.12,5,49.37,3,0,1
NTL-1730,Segun Musa,Enugu,Standard,6-Month,Manual Transfer,Smartphone,38,6080.31,208291.14,2,21.96,1,4,0
NTL-1731,Aisha Okafor,Lagos,Standard,12-Month,Manual Transfer,MiFi,44,4600.91,201427.99,2,33.38,0,0,0
NTL-1732,Chidi Okonkwo,Lagos,Basic,6-Month,Auto-Debit,Smartphone,32,2611.64,76431.08,3,0.53,0,0,0
NTL-1733,Babatunde Danjuma,Kano,Basic,12-Month,USSD,Feature Phone,47,2393.45,105493.31,0,11.33,1,0,0
NTL-1734,Zainab Musa,Abuja,Standard,6-Month,USSD,Feature Phone,37,5743.27,208546.32,4,7.39,2,0,0
NTL-1735,Hauwa Lawal,Oyo,Standard,Month-to-Month,USSD,MiFi,35,4733.49,160264.75,4,5.25,1,1,1
NTL-1736,Blessing Okonkwo,Kaduna,Standard,6-Month,Card,MiFi,30,4110.69,115161.35,6,21.34,2,1,0
NTL-1737,Kemi Onyeka,Kaduna,Basic,12-Month,USSD,Smartphone,49,3690.21,157113.01,3,23.41,2,1,0
NTL-1738,Tunde Bello,Oyo,Premium,Month-to-Month,USSD,Smartphone,53,10034.04,490440.49,1,3.51,2,1,0
NTL-1739,Biodun Olawale,Kano,Premium,12-Month,Card,Feature Phone,15,14265.37,202414.95,0,31.6,2,3,0
NTL-1740,Yetunde Lawal,Abuja,Basic,Month-to-Month,Manual Transfer,Smartphone,34,2193.73,65684.44,2,41.72,1,0,0
NTL-1741,Aisha Musa,Delta,Basic,Month-to-Month,USSD,MiFi,55,3316.32,158408.57,0,1.57,0,1,0
NTL-1742,Fatima Olawale,Rivers,Standard,6-Month,USSD,Tablet,43,4400.08,177532.34,1,14.12,0,2,0
NTL-1743,Zainab Adeleke,Kano,Basic,6-Month,Card,Smartphone,37,2778.86,96348.6,0,32.7,1,0,0
NTL-1744,Emeka Okonkwo,Delta,Standard,Month-to-Month,Manual Transfer,Tablet,33,7423.36,226715.86,1,35.46,0,0,0
NTL-1745,Blessing Onyeka,Kaduna,Standard,12-Month,Manual Transfer,Tablet,51,7050.43,321974.9,1,45.85,1,0,0
NTL-1746,Yetunde Aliyu,Oyo,Basic,12-Month,USSD,Tablet,38,3234.95,111934.16,0,42.68,0,0,0
NTL-1747,Chioma Abubakar,Kaduna,Basic,12-Month,Manual Transfer,Smartphone,58,3761.51,209271.68,1,48.68,3,0,1
NTL-1748,Ngozi Bello,Abuja,Standard,6-Month,Auto-Debit,Feature Phone,21,4430.64,85360.51,0,32.05,1,0,0
NTL-1749,Dele Ibrahim,Rivers,Basic,12-Month,Manual Transfer,MiFi,53,3057.06,156920.52,0,1.7,4,0,0
NTL-1750,Emeka Okeke,Kaduna,Standard,12-Month,Auto-Debit,Tablet,12,6729.44,80241.43,3,26.64,0,0,0
NTL-1751,Babatunde Obi,Kaduna,Premium,12-Month,Manual Transfer,Smartphone,29,10992.58,288952.21,0,4.37,2,0,0
NTL-1752,Chioma Adesanya,Lagos,Premium,12-Month,USSD,Smartphone,15,13749.29,184271.66,4,19.83,0,3,0
NTL-1753,Aisha Adeyemi,Rivers,Premium,12-Month,USSD,MiFi,40,8396.54,320622.78,0,23.81,3,0,0
NTL-1754,Amina Adebayo,Enugu,Standard,Month-to-Month,USSD,Smartphone,9,4816.93,42160.8,1,37.99,3,0,1
NTL-1755,Tunde Onyeka,Lagos,Standard,Month-to-Month,Card,Smartphone,57,6205.7,350891.6,1,2.57,0,1,0
NTL-1756,Zainab Abubakar,Oyo,Basic,Month-to-Month,Auto-Debit,Smartphone,50,3563.65,156698.35,2,19.28,1,0,0
NTL-1757,Amina Musa,Enugu,Premium,Month-to-Month,Card,MiFi,36,8964.39,295510.63,4,49.14,0,0,0
NTL-1758,Amina Adesanya,Rivers,Basic,12-Month,Auto-Debit,Feature Phone,27,3494.95,92783.09,3,28.62,4,0,0
NTL-1759,Amina Adeyemi,Lagos,Basic,6-Month,Manual Transfer,Tablet,3,2628.25,7414.52,4,49.91,0,0,0
NTL-1760,Tunde Adeyemi,Oyo,Premium,Month-to-Month,Card,Tablet,58,14405.71,737810.04,3,47.1,2,0,1
NTL-1761,Babatunde Nwosu,Kaduna,Premium,12-Month,Auto-Debit,Smartphone,23,14302.98,314436.44,2,14.35,0,0,0
NTL-1762,Kemi Ibrahim,Rivers,Basic,6-Month,Manual Transfer,Smartphone,16,3396.68,51492.92,2,6.15,1,0,0
NTL-1763,Obinna Musa,Oyo,Basic,Month-to-Month,USSD,MiFi,32,2037.7,59167.52,1,11.61,0,1,1
NTL-1764,Amina Ibrahim,Lagos,Premium,6-Month,Auto-Debit,Tablet,60,13797.1,736251.81,3,11.22,0,1,0
NTL-1765,Zainab Adeleke,Lagos,Basic,12-Month,Card,Tablet,55,3981.78,203714.96,1,36.1,2,0,0
NTL-1766,Dele Adesanya,Kano,Basic,6-Month,USSD,Smartphone,16,3542.68,50695.68,2,2.41,0,0,0
NTL-1767,Yetunde Okeke,Abuja,Standard,12-Month,USSD,Tablet,55,4715.14,238432.73,1,23.59,4,0,0
NTL-1768,Biodun Adeleke,Lagos,Premium,Month-to-Month,USSD,Tablet,5,11083.08,49247.72,3,13.35,1,0,0
NTL-1769,Emeka Salisu,Lagos,Basic,Month-to-Month,Auto-Debit,Feature Phone,44,3013.44,121459.83,1,27.89,0,4,1
NTL-1770,Uche Okeke,Kaduna,Premium,12-Month,Auto-Debit,Feature Phone,23,8764.14,186666.86,0,4.33,0,1,0
NTL-1771,Tunde Adeleke,Oyo,Basic,Month-to-Month,USSD,Tablet,22,3950.2,85566.84,1,47.15,0,0,0
NTL-1772,Amina Ibrahim,Kano,Premium,Month-to-Month,Auto-Debit,Feature Phone,52,10191.74,507375.29,3,39.28,2,3,1
NTL-1773,Obinna Bello,Kano,Standard,12-Month,Auto-Debit,Smartphone,60,7969.28,446985.93,8,31.7,2,1,0
NTL-1774,Babatunde Bello,Delta,Premium,12-Month,Card,Tablet,18,9365.17,157832.69,5,16.77,2,4,0
NTL-1775,Dele Adebayo,Abuja,Premium,Month-to-Month,Card,MiFi,24,8557.83,191846.4,0,18.43,1,0,0
NTL-1776,Kemi Onyeka,Kano,Premium,Month-to-Month,Card,Feature Phone,39,9821.95,342081.61,1,4.53,1,5,1
NTL-1777,Chioma Lawal,Kano,Standard,Month-to-Month,Manual Transfer,Smartphone,27,5053.5,127328.21,5,37.27,0,0,1
NTL-1778,Chidi Aliyu,Abuja,Basic,12-Month,Card,MiFi,23,2254.91,49505.21,1,15.02,0,2,0
NTL-1779,Obinna Salisu,Abuja,Premium,Month-to-Month,Auto-Debit,Tablet,29,14374.72,393782.79,3,22.07,2,1,1
NTL-1780,Obinna Olawale,Abuja,Basic,Month-to-Month,USSD,MiFi,25,2640.87,57868.61,3,14.33,2,0,1
NTL-1781,Segun Bello,Enugu,Standard,6-Month,Card,Tablet,49,4713.66,201285.04,4,36.86,4,0,1
NTL-1782,Uche Onyeka,Kaduna,Basic,6-Month,USSD,Feature Phone,8,2575.69,19018.8,1,8.88,3,0,1
NTL-1783,Ngozi Adesanya,Oyo,Basic,Month-to-Month,Manual Transfer,Feature Phone,2,3196.78,5472.64,4,27.13,0,0,1
NTL-1784,Blessing Lawal,Oyo,Premium,6-Month,Card,Feature Phone,54,11176.95,596131.13,3,46.0,0,3,0
NTL-1785,Uche Adeyemi,Kano,Standard,12-Month,Auto-Debit,Tablet,52,4316.27,217487.77,3,16.69,1,0,0
NTL-1786,Tunde Adebayo,Lagos,Standard,Month-to-Month,USSD,Feature Phone,54,6232.68,328367.77,2,47.48,1,0,0
NTL-1787,Ifeanyi Adesanya,Rivers,Standard,6-Month,Manual Transfer,MiFi,53,4748.42,232667.71,0,31.92,0,1,0
NTL-1788,Chidi Adeleke,Abuja,Standard,12-Month,Manual Transfer,Feature Phone,3,5672.64,15136.78,1,29.4,1,0,0
NTL-1789,Aisha Adesanya,Oyo,Premium,6-Month,Card,MiFi,39,10499.9,377614.31,0,6.06,3,2,0
NTL-1790,Zainab Okonkwo,Kaduna,Basic,12-Month,Card,Smartphone,12,2929.47,31562.2,0,35.0,2,2,1
NTL-1791,Chioma Salisu,Enugu,Premium,Month-to-Month,Auto-Debit,Tablet,18,11552.41,204506.41,3,3.51,2,0,1
NTL-1792,Zainab Musa,Delta,Standard,6-Month,USSD,Smartphone,18,5942.02,94425.59,2,2.76,1,0,0
NTL-1793,Hauwa Lawal,Abuja,Premium,12-Month,USSD,Feature Phone,39,11778.37,455930.45,0,19.27,2,0,0
NTL-1794,Hauwa Adeyemi,Lagos,Premium,Month-to-Month,USSD,Feature Phone,11,13867.04,138706.71,3,14.86,0,0,0
NTL-1795,Biodun Danjuma,Rivers,Basic,Month-to-Month,Auto-Debit,Smartphone,33,2795.87,85134.95,0,15.42,0,2,0
NTL-1796,Amina Nwosu,Abuja,Standard,12-Month,Card,Feature Phone,53,6962.1,328586.68,0,4.16,2,2,0
NTL-1797,Chidi Okeke,Kano,Basic,12-Month,Card,Feature Phone,54,3211.38,155523.08,1,25.86,0,0,0
NTL-1798,Ngozi Nwosu,Delta,Standard,6-Month,Card,Smartphone,15,7867.55,110242.01,2,45.43,1,0,0
NTL-1799,Chioma Musa,Kaduna,Premium,12-Month,Auto-Debit,MiFi,15,12045.16,154250.4,3,22.63,1,0,0
NTL-1800,Segun Eze,Abuja,Basic,12-Month,Manual Transfer,Feature Phone,56,3884.19,204248.73,0,20.46,2,1,1
NTL-1801,Kemi Bello,Delta,Standard,6-Month,USSD,Tablet,54,4602.45,223235.8,2,20.62,0,1,0
NTL-1802,Chioma Danjuma,Delta,Standard,12-Month,Manual Transfer,Tablet,30,6835.47,190128.19,4,49.64,0,0,0
NTL-1803,Ifeanyi Eze,Lagos,Basic,12-Month,Auto-Debit,Feature Phone,13,2875.2,37220.14,0,21.5,0,2,0
NTL-1804,Emeka Danjuma,Enugu,Standard,Month-to-Month,USSD,Smartphone,28,7982.98,214133.54,4,13.92,0,3,1
NTL-1805,Fatima Eze,Oyo,Premium,12-Month,Manual Transfer,Tablet,34,12231.62,382944.64,1,16.84,2,5,0
NTL-1806,Fatima Olawale,Delta,Basic,6-Month,Card,Feature Phone,10,2940.99,29380.39,0,35.22,0,0,0
NTL-1807,Segun Okafor,Lagos,Premium,6-Month,Manual Transfer,Smartphone,23,12454.4,281438.73,1,1.2,0,0,0
NTL-1808,Obinna Ibrahim,Kaduna,Premium,6-Month,USSD,Feature Phone,5,12148.47,52569.25,1,9.33,1,0,0
NTL-1809,Obinna Musa,Kaduna,Premium,12-Month,USSD,MiFi,14,9176.7,124299.01,7,5.02,2,0,0
NTL-1810,Chioma Okeke,Kaduna,Basic,Month-to-Month,Manual Transfer,MiFi,28,3329.68,83820.62,2,6.31,1,0,1
NTL-1811,Chioma Obi,Oyo,Premium,6-Month,Auto-Debit,Feature Phone,11,14618.43,156789.21,3,42.07,1,0,0
NTL-1812,Ngozi Danjuma,Enugu,Premium,6-Month,Manual Transfer,Smartphone,56,10559.81,543989.01,3,36.56,0,1,0
NTL-1813,Ifeanyi Obi,Kano,Premium,Month-to-Month,Manual Transfer,MiFi,24,11682.02,238549.33,1,5.16,0,0,0
NTL-1814,Yetunde Nwosu,Lagos,Premium,6-Month,Card,MiFi,3,14970.16,42918.24,1,3.33,1,0,0
NTL-1815,Yetunde Okonkwo,Delta,Basic,6-Month,Auto-Debit,Smartphone,24,2057.67,48600.84,0,36.94,3,0,0
NTL-1816,Ngozi Bello,Delta,Premium,12-Month,Auto-Debit,Tablet,7,14005.23,87411.57,4,32.93,2,0,0
NTL-1817,Fatima Onyeka,Kaduna,Premium,Month-to-Month,Card,MiFi,54,12674.06,588051.23,0,38.18,0,0,0
NTL-1818,Dele Bello,Oyo,Premium,Month-to-Month,Card,Feature Phone,41,13227.8,529149.53,0,14.05,0,0,0
NTL-1819,Tunde Onyeka,Delta,Basic,Month-to-Month,Auto-Debit,Feature Phone,47,2172.84,91668.61,2,1.5,0,0,0
NTL-1820,Dele Adeyemi,Rivers,Standard,12-Month,Manual Transfer,Feature Phone,20,4213.34,80549.55,0,7.45,0,0,0
NTL-1821,Uche Lawal,Kano,Standard,6-Month,Card,Tablet,6,5959.54,33497.54,1,32.27,1,1,0
NTL-1822,Amina Onyeka,Enugu,Basic,12-Month,Manual Transfer,MiFi,23,3292.02,72104.99,1,17.44,4,1,1
NTL-1823,Tunde Olawale,Rivers,Standard,Month-to-Month,Card,Tablet,3,7687.68,21392.23,2,24.02,1,0,1
NTL-1824,Ifeanyi Onyeka,Lagos,Standard,12-Month,Auto-Debit,Tablet,56,7604.1,372095.26,2,17.17,3,0,0
NTL-1825,Aisha Aliyu,Delta,Premium,Month-to-Month,Auto-Debit,MiFi,52,12316.29,601403.0,3,36.68,1,0,0
NTL-1826,Yetunde Adebayo,Delta,Premium,6-Month,USSD,Smartphone,60,14142.03,818378.87,5,25.59,1,2,0
NTL-1827,Ifeanyi Onyeka,Lagos,Basic,12-Month,Manual Transfer,Tablet,57,3193.7,173784.39,2,47.6,1,0,0
NTL-1828,Amina Adeyemi,Oyo,Basic,6-Month,Card,MiFi,11,2921.18,30487.49,1,9.02,0,0,0
NTL-1829,Zainab Adeyemi,Rivers,Basic,12-Month,USSD,Smartphone,31,2318.66,62173.93,2,20.01,0,0,0
NTL-1830,Dele Adesanya,Abuja,Standard,Month-to-Month,USSD,Feature Phone,26,7093.04,181598.02,4,36.65,1,0,0
NTL-1831,Blessing Abubakar,Lagos,Basic,12-Month,Manual Transfer,Feature Phone,24,2724.56,60499.51,0,30.16,0,0,0
NTL-1832,Emeka Abubakar,Rivers,Basic,Month-to-Month,USSD,MiFi,6,2679.17,15240.83,1,14.61,0,2,0
NTL-1833,Uche Adeleke,Kano,Basic,6-Month,Auto-Debit,MiFi,52,2165.28,107292.46,0,43.19,2,0,0
NTL-1834,Emeka Onyeka,Enugu,Premium,6-Month,Auto-Debit,MiFi,42,14719.45,562735.34,3,15.5,0,1,0
NTL-1835,Dele Olawale,Kaduna,Standard,12-Month,USSD,Tablet,8,7141.98,56970.73,2,19.48,1,0,0
NTL-1836,Obinna Nwosu,Rivers,Premium,12-Month,Card,MiFi,4,11253.34,38530.39,4,23.28,0,1,0
NTL-1837,Uche Adeleke,Kaduna,Premium,6-Month,Auto-Debit,Tablet,12,10052.68,110083.97,1,15.24,0,0,0
NTL-1838,Hauwa Musa,Rivers,Basic,Month-to-Month,Auto-Debit,Feature Phone,47,2289.29,99421.17,4,17.6,1,1,1
NTL-1839,Obinna Okonkwo,Lagos,Basic,6-Month,USSD,Smartphone,10,3218.71,30853.64,4,5.51,1,1,0
NTL-1840,Aisha Adeleke,Enugu,Basic,Month-to-Month,USSD,Smartphone,54,3824.69,205453.92,3,28.76,4,1,1
NTL-1841,Kemi Bello,Kaduna,Premium,6-Month,Manual Transfer,MiFi,18,13228.09,230187.74,1,33.74,1,3,0
NTL-1842,Uche Okeke,Enugu,Basic,Month-to-Month,Card,Feature Phone,18,2534.11,42870.84,6,16.25,0,0,1
NTL-1843,Kemi Adeyemi,Oyo,Premium,12-Month,Card,MiFi,41,12166.62,464521.14,2,28.1,0,0,0
NTL-1844,Emeka Okonkwo,Delta,Basic,12-Month,Manual Transfer,MiFi,17,2805.88,45272.26,2,4.39,1,5,0
NTL-1845,Biodun Olawale,Kaduna,Standard,6-Month,USSD,MiFi,44,5869.52,225559.45,2,31.4,1,0,0
NTL-1846,Aisha Danjuma,Delta,Basic,6-Month,Manual Transfer,MiFi,39,3897.64,132022.58,1,10.96,0,0,0
NTL-1847,Ifeanyi Danjuma,Enugu,Standard,Month-to-Month,Card,Tablet,21,7082.0,140474.08,3,34.5,1,1,1
NTL-1848,Hauwa Danjuma,Enugu,Basic,6-Month,Card,MiFi,19,3652.28,63662.71,5,9.29,0,1,0
NTL-1849,Dele Aliyu,Abuja,Standard,12-Month,Card,MiFi,27,4755.5,109698.05,1,30.68,1,0,0
NTL-1850,Zainab Okeke,Kaduna,Premium,Month-to-Month,Manual Transfer,MiFi,44,8636.77,344123.06,3,44.23,1,1,0
NTL-1851,Fatima Okonkwo,Kaduna,Premium,Month-to-Month,Manual Transfer,MiFi,60,12989.55,685823.14,0,3.71,0,1,0
NTL-1852,Kemi Salisu,Delta,Basic,Month-to-Month,Card,Smartphone,52,3208.01,150082.97,5,8.38,1,4,1
NTL-1853,Amina Adeleke,Delta,Standard,Month-to-Month,Card,Tablet,57,6863.91,339656.44,3,32.53,1,0,0
NTL-1854,Amina Ibrahim,Enugu,Premium,Month-to-Month,USSD,MiFi,46,14491.73,629549.02,1,39.48,0,2,1
NTL-1855,Ngozi Aliyu,Kaduna,Standard,12-Month,USSD,Feature Phone,59,4972.27,270595.56,1,16.84,1,0,0
NTL-1856,Kemi Nwosu,Kaduna,Standard,12-Month,Card,Tablet,51,5801.5,262941.97,1,2.27,0,1,0
NTL-1857,Kemi Obi,Kaduna,Premium,6-Month,USSD,Feature Phone,37,12437.26,423959.22,1,15.1,2,1,0
NTL-1858,Yetunde Ibrahim,Enugu,Standard,12-Month,Manual Transfer,Smartphone,55,4846.65,238694.56,2,13.34,2,1,1
NTL-1859,Ifeanyi Abubakar,Kano,Standard,12-Month,Manual Transfer,Tablet,34,5497.45,183139.76,2,8.87,1,0,0
NTL-1860,Chidi Adeyemi,Kaduna,Basic,6-Month,Manual Transfer,Feature Phone,10,2556.63,24715.0,3,32.67,0,0,0
NTL-1861,Babatunde Adesanya,Rivers,Standard,12-Month,Auto-Debit,MiFi,41,4395.36,162085.57,0,27.89,1,1,0
NTL-1862,Amina Okonkwo,Rivers,Basic,6-Month,Manual Transfer,Feature Phone,15,3379.27,46553.33,0,30.65,1,0,0
NTL-1863,Tunde Eze,Oyo,Basic,Month-to-Month,Manual Transfer,Feature Phone,38,3523.36,123389.86,0,44.14,0,2,1
NTL-1864,Biodun Abubakar,Abuja,Standard,Month-to-Month,Card,Feature Phone,7,6169.48,38101.13,2,28.68,1,2,0
NTL-1865,Dele Lawal,Delta,Basic,6-Month,Card,Tablet,32,3262.26,93879.59,2,14.55,1,0,0
NTL-1866,Kemi Adebayo,Oyo,Premium,12-Month,USSD,MiFi,8,14840.6,117757.73,2,16.3,4,0,0
NTL-1867,Fatima Adeyemi,Enugu,Premium,6-Month,Auto-Debit,MiFi,22,12465.18,255253.82,0,39.05,2,0,0
NTL-1868,Aisha Adebayo,Delta,Basic,12-Month,USSD,Feature Phone,37,3343.77,111169.98,0,20.11,0,0,0
NTL-1869,Segun Olawale,Delta,Premium,12-Month,Card,Tablet,15,14529.9,200686.38,4,15.53,0,0,0
NTL-1870,Segun Okonkwo,Oyo,Standard,12-Month,Card,MiFi,1,7048.89,6418.8,6,18.0,2,4,1
NTL-1871,Chidi Lawal,Rivers,Premium,12-Month,USSD,Tablet,54,10614.33,514868.78,3,16.62,1,0,0
NTL-1872,Yetunde Olawale,Delta,Standard,Month-to-Month,Auto-Debit,Feature Phone,11,5301.93,53769.4,3,23.76,4,0,1
NTL-1873,Chioma Adesanya,Oyo,Premium,12-Month,Card,Smartphone,7,8392.8,52957.11,2,22.19,0,0,0
NTL-1874,Segun Adeleke,Kano,Basic,12-Month,USSD,Feature Phone,36,2176.01,69467.43,2,38.26,0,1,0
NTL-1875,Chidi Eze,Abuja,Premium,12-Month,USSD,Tablet,58,13408.92,748234.86,1,16.4,0,0,0
NTL-1876,Uche Nwosu,Lagos,Basic,Month-to-Month,Card,MiFi,26,3612.13,91071.11,4,3.48,4,0,1
NTL-1877,Zainab Bello,Kaduna,Premium,6-Month,USSD,Tablet,41,8469.77,299106.95,0,28.14,0,0,0
NTL-1878,Tunde Onyeka,Delta,Premium,12-Month,Manual Transfer,Smartphone,50,12787.67,621904.91,2,44.52,4,0,0
NTL-1879,Tunde Aliyu,Kaduna,Standard,12-Month,Card,Smartphone,26,6298.95,139362.89,4,1.43,0,0,0
NTL-1880,Kemi Onyeka,Kaduna,Premium,6-Month,Manual Transfer,Tablet,58,14162.18,805049.34,0,38.76,0,0,0
NTL-1881,Hauwa Salisu,Lagos,Basic,12-Month,USSD,Smartphone,21,3741.11,77720.31,3,10.48,0,5,0
NTL-1882,Biodun Obi,Lagos,Basic,6-Month,Auto-Debit,MiFi,2,2887.9,5553.96,3,19.33,1,0,0
NTL-1883,Ifeanyi Onyeka,Abuja,Basic,Month-to-Month,Auto-Debit,Feature Phone,49,2419.28,117490.19,3,18.24,4,0,1
NTL-1884,Tunde Olawale,Kaduna,Standard,6-Month,Auto-Debit,MiFi,2,4029.02,7820.42,1,42.95,0,4,0
NTL-1885,Zainab Ibrahim,Rivers,Premium,Month-to-Month,Card,MiFi,2,14659.16,26128.7,2,16.5,0,0,1
NTL-1886,Chidi Eze,Kano,Basic,12-Month,Card,Smartphone,4,3192.41,11256.1,3,15.01,1,2,1
NTL-1887,Fatima Aliyu,Kano,Premium,12-Month,Manual Transfer,Tablet,57,14474.68,798641.34,0,10.6,1,0,0
NTL-1888,Yetunde Adebayo,Lagos,Basic,6-Month,Auto-Debit,MiFi,3,3469.9,9073.63,1,27.2,2,1,0
NTL-1889,Fatima Okafor,Lagos,Standard,Month-to-Month,Auto-Debit,MiFi,5,4449.64,20498.45,7,42.88,1,0,1
NTL-1890,Chidi Ibrahim,Delta,Standard,6-Month,Manual Transfer,Tablet,43,6159.94,263165.2,3,5.27,1,2,1
NTL-1891,Biodun Eze,Rivers,Premium,Month-to-Month,Manual Transfer,Feature Phone,43,8575.32,318670.81,1,44.4,0,0,0
NTL-1892,Aisha Adebayo,Delta,Premium,12-Month,USSD,Feature Phone,21,10954.15,218346.73,2,46.76,0,3,0
NTL-1893,Amina Lawal,Kano,Basic,Month-to-Month,Auto-Debit,Feature Phone,11,2793.53,26173.49,2,42.96,0,2,1
NTL-1894,Ifeanyi Okonkwo,Rivers,Standard,12-Month,USSD,MiFi,8,6979.84,52952.92,2,17.2,4,0,0
NTL-1895,Chioma Danjuma,Delta,Premium,Month-to-Month,USSD,Tablet,5,13473.68,61573.18,0,27.39,0,4,0
NTL-1896,Ngozi Danjuma,Oyo,Basic,6-Month,USSD,MiFi,28,3106.6,86196.05,6,48.6,0,2,1
NTL-1897,Biodun Eze,Rivers,Basic,Month-to-Month,USSD,Feature Phone,37,3719.85,127828.93,4,18.45,0,4,1
NTL-1898,Fatima Obi,Kano,Basic,12-Month,Manual Transfer,Feature Phone,54,3861.3,199630.35,2,47.78,1,0,0
NTL-1899,Ifeanyi Ibrahim,Enugu,Premium,6-Month,Card,MiFi,21,8952.84,186265.19,0,12.94,1,0,0
NTL-1900,Yetunde Adeyemi,Lagos,Standard,Month-to-Month,Manual Transfer,MiFi,53,4641.01,244943.95,6,48.93,0,0,1
NTL-1901,Ifeanyi Onyeka,Rivers,Basic,6-Month,Auto-Debit,Feature Phone,18,2280.88,37369.69,3,29.5,1,0,0
NTL-1902,Uche Adebayo,Lagos,Premium,Month-to-Month,USSD,Smartphone,50,12399.82,570804.88,3,15.29,0,1,0
NTL-1903,Emeka Adeyemi,Kaduna,Standard,Month-to-Month,Card,Tablet,8,6507.59,47577.59,0,35.63,3,0,0
NTL-1904,Kemi Olawale,Abuja,Basic,12-Month,USSD,Feature Phone,56,3699.93,191486.43,3,21.91,0,0,0
NTL-1905,Uche Nwosu,Kaduna,Standard,12-Month,USSD,Tablet,6,4051.7,23263.99,2,29.5,0,0,0
NTL-1906,Ngozi Abubakar,Enugu,Premium,12-Month,Card,Smartphone,39,8754.58,333142.44,2,5.38,0,4,0
NTL-1907,Blessing Onyeka,Enugu,Standard,12-Month,Auto-Debit,Tablet,42,7152.55,293748.56,2,26.38,3,2,0
NTL-1908,Chidi Lawal,Kano,Basic,12-Month,USSD,Smartphone,19,3841.34,70816.65,3,42.55,0,2,0
NTL-1909,Blessing Adesanya,Oyo,Standard,Month-to-Month,USSD,MiFi,45,7963.9,318766.43,3,10.86,2,1,1
NTL-1910,Ifeanyi Obi,Kano,Standard,Month-to-Month,USSD,Tablet,40,6152.94,238924.41,6,16.17,0,3,0
NTL-1911,Ifeanyi Adebayo,Delta,Premium,Month-to-Month,Card,Feature Phone,17,13991.83,219502.06,1,22.17,0,0,0
NTL-1912,Segun Okeke,Abuja,Basic,12-Month,USSD,Tablet,49,3119.84,134020.92,2,4.26,0,1,0
NTL-1913,Uche Eze,Kaduna,Premium,6-Month,Card,Feature Phone,59,10696.68,616431.85,3,43.88,2,1,0
NTL-1914,Segun Adesanya,Delta,Basic,Month-to-Month,Manual Transfer,Tablet,2,2988.99,5828.45,7,12.64,0,1,1
NTL-1915,Emeka Okeke,Oyo,Basic,Month-to-Month,Card,MiFi,27,3112.64,84020.76,0,9.71,1,0,1
NTL-1916,Ifeanyi Nwosu,Kaduna,Standard,6-Month,USSD,Tablet,58,7702.02,395436.65,2,4.31,1,0,0
NTL-1917,Hauwa Onyeka,Kano,Basic,12-Month,Card,Tablet,7,3614.51,23799.0,3,36.02,1,1,0
NTL-1918,Dele Nwosu,Lagos,Standard,12-Month,Card,MiFi,38,5744.74,216766.47,0,28.22,1,0,0
NTL-1919,Chioma Eze,Abuja,Premium,6-Month,Auto-Debit,Tablet,37,9764.08,355663.8,0,30.09,1,2,0
NTL-1920,Ifeanyi Lawal,Delta,Standard,12-Month,USSD,Tablet,15,6279.43,92439.05,5,7.64,1,1,0
NTL-1921,Chidi Salisu,Lagos,Premium,6-Month,Auto-Debit,Smartphone,40,8445.4,308107.35,0,10.13,4,2,0
NTL-1922,Fatima Okeke,Delta,Premium,Month-to-Month,USSD,Smartphone,7,14623.03,95820.37,5,19.68,1,1,0
NTL-1923,Segun Aliyu,Abuja,Standard,6-Month,Manual Transfer,MiFi,57,5008.06,246525.66,1,10.43,0,1,0
NTL-1924,Segun Okonkwo,Abuja,Premium,6-Month,Auto-Debit,Smartphone,36,8414.02,274423.21,0,48.2,1,0,0
NTL-1925,Aisha Okeke,Kaduna,Basic,Month-to-Month,Manual Transfer,MiFi,12,3070.43,36711.27,0,34.32,0,0,0
NTL-1926,Dele Aliyu,Kano,Standard,Month-to-Month,Auto-Debit,Smartphone,52,7736.99,398402.79,0,34.31,1,0,0
NTL-1927,Chioma Lawal,Kano,Premium,6-Month,Card,MiFi,51,11135.55,492640.29,2,17.25,0,0,0
NTL-1928,Biodun Musa,Lagos,Standard,Month-to-Month,Card,Smartphone,55,6079.38,317489.41,1,26.6,1,1,0
NTL-1929,Hauwa Lawal,Oyo,Standard,Month-to-Month,Card,Feature Phone,19,7776.99,135047.51,1,4.58,0,0,0
NTL-1930,Chioma Salisu,Enugu,Standard,6-Month,USSD,Smartphone,34,7325.03,218719.55,0,44.66,2,1,0
NTL-1931,Segun Bello,Lagos,Basic,6-Month,Card,Feature Phone,23,3928.37,77510.28,4,43.75,2,1,0
NTL-1932,Babatunde Obi,Lagos,Basic,Month-to-Month,Card,Feature Phone,58,2443.13,127254.58,3,25.02,1,1,0
NTL-1933,Ifeanyi Lawal,Abuja,Standard,Month-to-Month,Manual Transfer,Tablet,12,7948.34,92898.85,1,41.97,0,0,0
NTL-1934,Yetunde Nwosu,Enugu,Premium,12-Month,USSD,Feature Phone,57,12573.35,707407.4,1,1.01,2,0,0
NTL-1935,Chioma Nwosu,Lagos,Premium,12-Month,Card,Smartphone,45,13369.89,523030.04,3,3.99,0,0,0
NTL-1936,Tunde Aliyu,Kaduna,Basic,12-Month,USSD,MiFi,19,3072.52,52114.27,2,5.87,0,2,0
NTL-1937,Tunde Danjuma,Delta,Basic,Month-to-Month,Auto-Debit,MiFi,31,2218.69,60821.39,4,9.63,2,2,1
NTL-1938,Zainab Salisu,Kaduna,Standard,12-Month,Manual Transfer,MiFi,39,7076.51,262027.8,2,48.74,2,1,0
NTL-1939,Obinna Okeke,Kano,Standard,6-Month,Manual Transfer,Tablet,30,4802.6,136387.16,1,8.08,0,0,0
NTL-1940,Biodun Adebayo,Delta,Basic,6-Month,Auto-Debit,Feature Phone,39,3057.11,111302.01,0,48.23,0,1,0
NTL-1941,Babatunde Danjuma,Lagos,Premium,12-Month,Manual Transfer,Tablet,24,8269.01,195524.63,3,0.79,0,0,0
NTL-1942,Obinna Okafor,Rivers,Premium,Month-to-Month,Auto-Debit,Smartphone,42,13767.99,532841.84,2,19.61,1,0,0
NTL-1943,Chioma Salisu,Oyo,Standard,12-Month,Card,MiFi,59,7594.31,411382.83,4,11.58,0,1,0
NTL-1944,Uche Aliyu,Kaduna,Premium,Month-to-Month,Card,Tablet,10,8297.88,75639.8,4,42.66,4,0,1
NTL-1945,Biodun Musa,Enugu,Standard,6-Month,Card,MiFi,25,5854.07,131814.66,3,7.09,1,0,0
NTL-1946,Obinna Lawal,Kaduna,Standard,12-Month,Card,Tablet,42,5227.6,199562.72,2,27.37,1,3,0
NTL-1947,Zainab Bello,Rivers,Basic,6-Month,Manual Transfer,MiFi,60,3035.0,159710.31,1,34.85,0,1,0
NTL-1948,Obinna Eze,Enugu,Premium,Month-to-Month,Manual Transfer,MiFi,21,11280.06,232192.08,0,46.6,0,3,1
NTL-1949,Babatunde Bello,Abuja,Basic,Month-to-Month,Auto-Debit,Smartphone,59,3724.5,188522.5,4,16.01,3,0,1
NTL-1950,Biodun Ibrahim,Abuja,Standard,12-Month,USSD,MiFi,31,5354.48,145453.18,1,40.22,0,3,0
NTL-1951,Zainab Okafor,Enugu,Basic,12-Month,Card,Tablet,45,3695.99,147593.38,0,47.3,3,0,0
NTL-1952,Emeka Musa,Delta,Standard,6-Month,Manual Transfer,Smartphone,38,6752.49,249587.73,5,29.45,0,3,1
NTL-1953,Obinna Obi,Kaduna,Basic,6-Month,Auto-Debit,Feature Phone,9,3248.06,27817.86,5,5.99,3,4,1
NTL-1954,Segun Ibrahim,Abuja,Standard,12-Month,Card,Smartphone,40,7564.19,276141.59,0,42.64,0,0,0
NTL-1955,Chidi Abubakar,Kaduna,Basic,Month-to-Month,Manual Transfer,Tablet,17,2897.86,45073.38,0,37.62,2,0,1
NTL-1956,Segun Danjuma,Lagos,Basic,12-Month,Auto-Debit,Smartphone,20,2761.34,54435.96,1,2.28,1,1,0
NTL-1957,Blessing Olawale,Enugu,Standard,12-Month,USSD,Feature Phone,23,6876.47,147539.62,2,13.7,3,3,0
NTL-1958,Segun Olawale,Abuja,Basic,Month-to-Month,Auto-Debit,Feature Phone,5,2354.21,10120.09,2,12.23,0,0,0
NTL-1959,Segun Salisu,Abuja,Basic,12-Month,Card,Tablet,51,3329.88,159954.53,0,7.37,3,3,0
NTL-1960,Tunde Adeyemi,Lagos,Standard,12-Month,Manual Transfer,Feature Phone,4,6867.92,24945.25,2,10.04,2,1,1
NTL-1961,Yetunde Aliyu,Delta,Standard,12-Month,Auto-Debit,MiFi,12,6030.34,62373.04,6,13.53,3,1,0
NTL-1962,Ngozi Adeyemi,Rivers,Basic,6-Month,Manual Transfer,Feature Phone,26,3270.59,79835.11,2,25.58,0,0,0
NTL-1963,Kemi Olawale,Lagos,Premium,12-Month,USSD,Tablet,49,9128.85,384351.09,2,45.18,0,2,0
NTL-1964,Tunde Okonkwo,Lagos,Premium,12-Month,Auto-Debit,Tablet,38,13399.7,502656.47,3,30.47,4,1,0
NTL-1965,Dele Obi,Delta,Standard,6-Month,USSD,MiFi,21,6183.67,124889.44,1,8.94,1,0,0
NTL-1966,Segun Musa,Delta,Standard,6-Month,Manual Transfer,Feature Phone,48,7002.21,306844.54,0,7.4,0,5,0
NTL-1967,Ifeanyi Obi,Lagos,Standard,12-Month,Manual Transfer,Feature Phone,38,7784.17,261056.66,0,23.88,0,0,0
NTL-1968,Ifeanyi Aliyu,Oyo,Premium,6-Month,Manual Transfer,Feature Phone,32,12247.77,362483.25,1,42.65,1,1,0
NTL-1969,Ngozi Adeyemi,Kaduna,Premium,6-Month,USSD,Feature Phone,16,11631.34,171982.81,1,24.78,4,1,0
NTL-1970,Aisha Salisu,Enugu,Premium,Month-to-Month,Manual Transfer,Tablet,22,13073.3,279291.58,4,18.79,4,0,1
NTL-1971,Blessing Adeleke,Rivers,Basic,6-Month,Manual Transfer,Tablet,41,3831.48,156443.34,3,27.97,1,0,0
NTL-1972,Emeka Adebayo,Rivers,Premium,12-Month,Manual Transfer,Feature Phone,32,11943.09,375904.86,1,44.1,0,0,0
NTL-1973,Tunde Olawale,Delta,Standard,12-Month,USSD,Smartphone,29,5558.31,141683.21,3,35.74,0,2,0
NTL-1974,Kemi Adesanya,Lagos,Standard,6-Month,Card,Feature Phone,51,5091.03,233160.38,7,30.44,1,2,0
NTL-1975,Yetunde Salisu,Abuja,Standard,12-Month,Auto-Debit,Feature Phone,34,7195.39,218311.92,3,21.44,2,0,0
NTL-1976,Biodun Eze,Oyo,Basic,Month-to-Month,Card,Smartphone,24,2929.88,69365.8,0,31.48,1,1,0
NTL-1977,Ngozi Nwosu,Delta,Standard,Month-to-Month,Card,Tablet,11,6345.92,62714.35,0,3.09,0,0,0
NTL-1978,Segun Musa,Lagos,Premium,6-Month,USSD,MiFi,12,10286.27,120400.09,0,14.5,1,1,0
NTL-1979,Amina Eze,Delta,Basic,Month-to-Month,Manual Transfer,Feature Phone,7,3045.56,21127.44,1,37.86,4,0,1
NTL-1980,Segun Adeyemi,Delta,Standard,12-Month,Auto-Debit,MiFi,42,7158.91,286899.73,2,4.93,0,0,0
NTL-1981,Kemi Adesanya,Lagos,Premium,12-Month,Auto-Debit,Smartphone,42,13900.25,515988.06,0,11.34,0,0,0
NTL-1982,Babatunde Adebayo,Kaduna,Standard,12-Month,Card,Smartphone,33,7062.15,215300.41,3,35.01,1,0,0
NTL-1983,Amina Lawal,Rivers,Premium,6-Month,Auto-Debit,Tablet,45,8564.39,378555.6,2,41.54,0,0,0
NTL-1984,Yetunde Ibrahim,Oyo,Premium,6-Month,Card,Feature Phone,54,9411.1,478288.19,1,16.69,0,0,0
NTL-1985,Dele Okeke,Delta,Premium,12-Month,Card,Feature Phone,12,8788.85,95775.73,0,46.69,0,2,0
NTL-1986,Biodun Onyeka,Oyo,Standard,6-Month,Auto-Debit,Feature Phone,37,7560.83,273186.17,1,1.68,0,2,0
NTL-1987,Biodun Abubakar,Enugu,Premium,6-Month,Card,MiFi,39,13277.01,511653.36,2,30.04,2,1,0
NTL-1988,Tunde Salisu,Abuja,Basic,Month-to-Month,Auto-Debit,Smartphone,18,3860.32,62225.68,1,28.62,0,0,0
NTL-1989,Biodun Adeleke,Kaduna,Basic,6-Month,Card,Smartphone,20,3540.89,69739.83,1,13.5,3,3,0
NTL-1990,Ngozi Okeke,Delta,Basic,Month-to-Month,Auto-Debit,Smartphone,47,2469.61,113804.65,2,28.09,0,1,0
NTL-1991,Tunde Eze,Rivers,Basic,6-Month,Card,Smartphone,3,2994.85,8756.05,1,48.66,1,0,0
NTL-1992,Uche Ibrahim,Delta,Basic,6-Month,Auto-Debit,Tablet,56,2376.14,126869.89,4,49.79,0,1,0
NTL-1993,Hauwa Abubakar,Rivers,Premium,12-Month,Auto-Debit,Tablet,24,8618.91,187222.29,4,27.46,0,3,0
NTL-1994,Hauwa Eze,Kaduna,Premium,12-Month,USSD,MiFi,12,12061.48,131105.85,7,38.48,0,1,0
NTL-1995,Hauwa Adeleke,Kaduna,Standard,Month-to-Month,USSD,Feature Phone,22,7698.88,160367.91,2,27.19,1,3,0
NTL-1996,Babatunde Eze,Kaduna,Premium,12-Month,Manual Transfer,Feature Phone,53,13545.94,699055.16,1,41.26,3,5,1
NTL-1997,Amina Olawale,Abuja,Premium,Month-to-Month,USSD,Feature Phone,48,9587.48,440163.33,1,6.29,2,2,1
NTL-1998,Ifeanyi Olawale,Enugu,Basic,12-Month,USSD,MiFi,45,3503.13,136511.3,2,22.96,2,3,0
NTL-1999,Chidi Olawale,Abuja,Standard,Month-to-Month,Auto-Debit,Tablet,16,7023.2,100620.39,1,32.09,4,0,0
NTL-2000,Chidi Ibrahim,Abuja,Basic,Month-to-Month,Auto-Debit,Smartphone,17,2905.2,42861.37,5,33.25,0,1,1
